index,Ep.u,Fu,e_,Ep.g,Fg,e_,Ep.r,Fr,e_,Ep.i,Fi,e_,Ep.z,Fz,e_
1,-14,0.1923,0.0459,-18,0.1201,0.0494,-18,0.0894,0.0491,-18,0.1846,0.0714,-18,0.2254,0.0796
2,-13.9,0.2099,0.0462,-17.9,0.1199,0.0494,-17.9,0.094,0.049,-17.9,0.1826,0.0687,-17.9,0.2294,0.0797
3,-13.8,0.2257,0.0468,-17.8,0.1198,0.0494,-17.8,0.0985,0.049,-17.8,0.1809,0.0662,-17.8,0.2335,0.0797
4,-13.7,0.2398,0.0474,-17.7,0.1199,0.0494,-17.7,0.103,0.0489,-17.7,0.1793,0.064,-17.7,0.2377,0.0798
5,-13.6,0.2523,0.048,-17.6,0.12,0.0493,-17.6,0.1075,0.0488,-17.6,0.178,0.0619,-17.6,0.2419,0.0798
6,-13.5,0.2634,0.0487,-17.5,0.1203,0.0493,-17.5,0.1119,0.0488,-17.5,0.1769,0.06,-17.5,0.2462,0.0798
7,-13.4,0.2732,0.0493,-17.4,0.1207,0.0493,-17.4,0.1163,0.0487,-17.4,0.176,0.0583,-17.4,0.2505,0.0799
8,-13.3,0.2818,0.0498,-17.3,0.1213,0.0493,-17.3,0.1207,0.0487,-17.3,0.1753,0.0568,-17.3,0.2549,0.0799
9,-13.2,0.2892,0.0504,-17.2,0.122,0.0493,-17.2,0.125,0.0486,-17.2,0.1749,0.0554,-17.2,0.2594,0.0799
10,-13.1,0.2956,0.0508,-17.1,0.1228,0.0493,-17.1,0.1294,0.0486,-17.1,0.1746,0.0542,-17.1,0.2639,0.0798
11,-13,0.3011,0.0512,-17,0.1237,0.0492,-17,0.1337,0.0486,-17,0.1745,0.0531,-17,0.2685,0.0798
12,-12.9,0.3057,0.0515,-16.9,0.1248,0.0492,-16.9,0.138,0.0485,-16.9,0.1747,0.0521,-16.9,0.2731,0.0797
13,-12.8,0.3096,0.0517,-16.8,0.126,0.0492,-16.8,0.1424,0.0485,-16.8,0.175,0.0513,-16.8,0.2778,0.0797
14,-12.7,0.3128,0.0519,-16.7,0.1274,0.0491,-16.7,0.1467,0.0485,-16.7,0.1756,0.0505,-16.7,0.2825,0.0796
15,-12.6,0.3155,0.052,-16.6,0.1289,0.0491,-16.6,0.1511,0.0484,-16.6,0.1763,0.0498,-16.6,0.2873,0.0795
16,-12.5,0.3175,0.052,-16.5,0.1306,0.0491,-16.5,0.1555,0.0484,-16.5,0.1773,0.0492,-16.5,0.2921,0.0794
17,-12.4,0.3191,0.052,-16.4,0.1324,0.0491,-16.4,0.1599,0.0484,-16.4,0.1784,0.0487,-16.4,0.297,0.0793
18,-12.3,0.3204,0.052,-16.3,0.1344,0.049,-16.3,0.1643,0.0483,-16.3,0.1797,0.0483,-16.3,0.302,0.0792
19,-12.2,0.3212,0.0519,-16.2,0.1364,0.049,-16.2,0.1687,0.0483,-16.2,0.1813,0.0479,-16.2,0.3069,0.0791
20,-12.1,0.3218,0.0518,-16.1,0.1387,0.049,-16.1,0.1732,0.0483,-16.1,0.183,0.0476,-16.1,0.312,0.0789
21,-12,0.3221,0.0516,-16,0.1411,0.0489,-16,0.1777,0.0482,-16,0.1848,0.0473,-16,0.3171,0.0788
22,-11.9,0.3223,0.0514,-15.9,0.1436,0.0489,-15.9,0.1822,0.0482,-15.9,0.1869,0.047,-15.9,0.3222,0.0786
23,-11.8,0.3223,0.0512,-15.8,0.1463,0.0489,-15.8,0.1868,0.0482,-15.8,0.1891,0.0468,-15.8,0.3274,0.0785
24,-11.7,0.3222,0.051,-15.7,0.1491,0.0489,-15.7,0.1914,0.0481,-15.7,0.1916,0.0466,-15.7,0.3326,0.0783
25,-11.6,0.3221,0.0507,-15.6,0.1521,0.0489,-15.6,0.196,0.0481,-15.6,0.1942,0.0464,-15.6,0.3379,0.0782
26,-11.5,0.3219,0.0505,-15.5,0.1552,0.0488,-15.5,0.2007,0.0481,-15.5,0.1969,0.0463,-15.5,0.3432,0.078
27,-11.4,0.3218,0.0502,-15.4,0.1585,0.0488,-15.4,0.2054,0.048,-15.4,0.1998,0.0462,-15.4,0.3485,0.0778
28,-11.3,0.3217,0.05,-15.3,0.1619,0.0488,-15.3,0.2102,0.048,-15.3,0.2029,0.046,-15.3,0.3539,0.0777
29,-11.2,0.3217,0.0497,-15.2,0.1655,0.0488,-15.2,0.215,0.048,-15.2,0.2062,0.0459,-15.2,0.3593,0.0775
30,-11.1,0.3217,0.0494,-15.1,0.1691,0.0488,-15.1,0.2198,0.0479,-15.1,0.2096,0.0458,-15.1,0.3648,0.0773
31,-11,0.3219,0.0492,-15,0.173,0.0488,-15,0.2247,0.0479,-15,0.2131,0.0457,-15,0.3703,0.0772
32,-10.9,0.3223,0.0489,-14.9,0.1769,0.0488,-14.9,0.2297,0.0479,-14.9,0.2169,0.0456,-14.9,0.3758,0.077
33,-10.8,0.3228,0.0487,-14.8,0.181,0.0488,-14.8,0.2347,0.0478,-14.8,0.2207,0.0456,-14.8,0.3814,0.0768
34,-10.7,0.3235,0.0485,-14.7,0.1853,0.0487,-14.7,0.2397,0.0478,-14.7,0.2247,0.0455,-14.7,0.387,0.0767
35,-10.6,0.3244,0.0482,-14.6,0.1897,0.0487,-14.6,0.2449,0.0478,-14.6,0.2289,0.0454,-14.6,0.3926,0.0765
36,-10.5,0.3255,0.048,-14.5,0.1942,0.0487,-14.5,0.25,0.0477,-14.5,0.2332,0.0453,-14.5,0.3983,0.0764
37,-10.4,0.3269,0.0478,-14.4,0.1988,0.0487,-14.4,0.2552,0.0477,-14.4,0.2376,0.0452,-14.4,0.404,0.0762
38,-10.3,0.3285,0.0476,-14.3,0.2036,0.0487,-14.3,0.2605,0.0477,-14.3,0.2421,0.0451,-14.3,0.4097,0.0761
39,-10.2,0.3304,0.0474,-14.2,0.2084,0.0487,-14.2,0.2658,0.0477,-14.2,0.2468,0.045,-14.2,0.4155,0.0759
40,-10.1,0.3325,0.0473,-14.1,0.2135,0.0487,-14.1,0.2711,0.0476,-14.1,0.2516,0.045,-14.1,0.4212,0.0758
41,-10,0.3349,0.0471,-14,0.2186,0.0487,-14,0.2765,0.0476,-14,0.2566,0.0449,-14,0.427,0.0757
42,-9.9,0.3376,0.047,-13.9,0.2238,0.0487,-13.9,0.282,0.0476,-13.9,0.2616,0.0448,-13.9,0.4328,0.0755
43,-9.8,0.3405,0.0468,-13.8,0.2292,0.0487,-13.8,0.2875,0.0476,-13.8,0.2668,0.0447,-13.8,0.4387,0.0754
44,-9.7,0.3438,0.0467,-13.7,0.2347,0.0487,-13.7,0.2931,0.0475,-13.7,0.2721,0.0446,-13.7,0.4445,0.0753
45,-9.6,0.3473,0.0465,-13.6,0.2403,0.0488,-13.6,0.2987,0.0475,-13.6,0.2775,0.0445,-13.6,0.4504,0.0752
46,-9.5,0.3511,0.0464,-13.5,0.246,0.0488,-13.5,0.3043,0.0475,-13.5,0.283,0.0444,-13.5,0.4563,0.0751
47,-9.4,0.3552,0.0463,-13.4,0.2518,0.0488,-13.4,0.31,0.0475,-13.4,0.2886,0.0443,-13.4,0.4622,0.075
48,-9.3,0.3596,0.0462,-13.3,0.2577,0.0488,-13.3,0.3158,0.0475,-13.3,0.2943,0.0443,-13.3,0.4681,0.0749
49,-9.2,0.3643,0.0461,-13.2,0.2637,0.0488,-13.2,0.3216,0.0475,-13.2,0.3001,0.0442,-13.2,0.4741,0.0749
50,-9.1,0.3693,0.046,-13.1,0.2699,0.0488,-13.1,0.3275,0.0475,-13.1,0.3059,0.0441,-13.1,0.48,0.0748
51,-9,0.3745,0.0459,-13,0.2761,0.0488,-13,0.3334,0.0474,-13,0.3119,0.044,-13,0.486,0.0747
52,-8.9,0.38,0.0458,-12.9,0.2824,0.0488,-12.9,0.3393,0.0474,-12.9,0.318,0.0439,-12.9,0.4919,0.0746
53,-8.8,0.3858,0.0457,-12.8,0.2888,0.0488,-12.8,0.3453,0.0474,-12.8,0.3241,0.0438,-12.8,0.4979,0.0746
54,-8.7,0.3919,0.0456,-12.7,0.2953,0.0488,-12.7,0.3513,0.0474,-12.7,0.3304,0.0437,-12.7,0.5039,0.0745
55,-8.6,0.3982,0.0455,-12.6,0.3018,0.0488,-12.6,0.3574,0.0474,-12.6,0.3367,0.0437,-12.6,0.5099,0.0745
56,-8.5,0.4047,0.0454,-12.5,0.3085,0.0488,-12.5,0.3635,0.0474,-12.5,0.3431,0.0436,-12.5,0.5159,0.0744
57,-8.4,0.4115,0.0453,-12.4,0.3152,0.0488,-12.4,0.3697,0.0474,-12.4,0.3495,0.0435,-12.4,0.5219,0.0744
58,-8.3,0.4186,0.0452,-12.3,0.322,0.0488,-12.3,0.3759,0.0474,-12.3,0.3561,0.0434,-12.3,0.5279,0.0744
59,-8.2,0.4259,0.0451,-12.2,0.3289,0.0488,-12.2,0.3821,0.0474,-12.2,0.3626,0.0434,-12.2,0.5339,0.0743
60,-8.1,0.4334,0.045,-12.1,0.3359,0.0488,-12.1,0.3883,0.0474,-12.1,0.3693,0.0433,-12.1,0.5398,0.0743
61,-8,0.4411,0.0449,-12,0.3429,0.0487,-12,0.3946,0.0474,-12,0.376,0.0432,-12,0.5458,0.0743
62,-7.9,0.449,0.0448,-11.9,0.35,0.0487,-11.9,0.401,0.0474,-11.9,0.3828,0.0432,-11.9,0.5518,0.0743
63,-7.8,0.4571,0.0448,-11.8,0.3571,0.0487,-11.8,0.4073,0.0474,-11.8,0.3896,0.0431,-11.8,0.5578,0.0742
64,-7.7,0.4654,0.0447,-11.7,0.3643,0.0487,-11.7,0.4137,0.0474,-11.7,0.3964,0.043,-11.7,0.5638,0.0742
65,-7.6,0.4739,0.0446,-11.6,0.3716,0.0487,-11.6,0.4202,0.0474,-11.6,0.4034,0.043,-11.6,0.5697,0.0742
66,-7.5,0.4825,0.0445,-11.5,0.3789,0.0487,-11.5,0.4266,0.0474,-11.5,0.4103,0.0429,-11.5,0.5757,0.0742
67,-7.4,0.4913,0.0444,-11.4,0.3863,0.0487,-11.4,0.4331,0.0474,-11.4,0.4173,0.0429,-11.4,0.5817,0.0742
68,-7.3,0.5002,0.0443,-11.3,0.3937,0.0487,-11.3,0.4396,0.0474,-11.3,0.4243,0.0428,-11.3,0.5876,0.0742
69,-7.2,0.5093,0.0442,-11.2,0.4011,0.0487,-11.2,0.4461,0.0474,-11.2,0.4314,0.0428,-11.2,0.5935,0.0742
70,-7.1,0.5185,0.0441,-11.1,0.4086,0.0486,-11.1,0.4527,0.0474,-11.1,0.4385,0.0427,-11.1,0.5994,0.0742
71,-7,0.5278,0.044,-11,0.4161,0.0486,-11,0.4592,0.0474,-11,0.4456,0.0427,-11,0.6053,0.0742
72,-6.9,0.5372,0.0439,-10.9,0.4237,0.0486,-10.9,0.4658,0.0474,-10.9,0.4528,0.0427,-10.9,0.6112,0.0742
73,-6.8,0.5467,0.0438,-10.8,0.4313,0.0486,-10.8,0.4724,0.0474,-10.8,0.46,0.0426,-10.8,0.6171,0.0742
74,-6.7,0.5563,0.0437,-10.7,0.4389,0.0486,-10.7,0.479,0.0474,-10.7,0.4672,0.0426,-10.7,0.6229,0.0742
75,-6.6,0.5659,0.0436,-10.6,0.4466,0.0486,-10.6,0.4856,0.0474,-10.6,0.4744,0.0426,-10.6,0.6288,0.0742
76,-6.5,0.5756,0.0436,-10.5,0.4542,0.0485,-10.5,0.4923,0.0474,-10.5,0.4816,0.0426,-10.5,0.6346,0.0742
77,-6.4,0.5854,0.0435,-10.4,0.4619,0.0485,-10.4,0.4989,0.0474,-10.4,0.4888,0.0425,-10.4,0.6403,0.0742
78,-6.3,0.5952,0.0434,-10.3,0.4696,0.0485,-10.3,0.5056,0.0474,-10.3,0.4961,0.0425,-10.3,0.6461,0.0742
79,-6.2,0.605,0.0433,-10.2,0.4773,0.0485,-10.2,0.5122,0.0474,-10.2,0.5034,0.0425,-10.2,0.6519,0.0743
80,-6.1,0.6148,0.0432,-10.1,0.4851,0.0485,-10.1,0.5189,0.0474,-10.1,0.5106,0.0425,-10.1,0.6576,0.0743
81,-6,0.6246,0.0432,-10,0.4928,0.0484,-10,0.5255,0.0474,-10,0.5179,0.0425,-10,0.6633,0.0743
82,-5.9,0.6345,0.0431,-9.9,0.5005,0.0484,-9.9,0.5322,0.0474,-9.9,0.5252,0.0424,-9.9,0.6689,0.0743
83,-5.8,0.6443,0.043,-9.8,0.5083,0.0484,-9.8,0.5389,0.0474,-9.8,0.5324,0.0424,-9.8,0.6746,0.0743
84,-5.7,0.6541,0.043,-9.7,0.516,0.0484,-9.7,0.5455,0.0473,-9.7,0.5397,0.0424,-9.7,0.6802,0.0743
85,-5.6,0.6639,0.0429,-9.6,0.5238,0.0483,-9.6,0.5522,0.0473,-9.6,0.5469,0.0424,-9.6,0.6858,0.0743
86,-5.5,0.6736,0.0428,-9.5,0.5315,0.0483,-9.5,0.5589,0.0473,-9.5,0.5542,0.0424,-9.5,0.6913,0.0743
87,-5.4,0.6833,0.0428,-9.4,0.5392,0.0483,-9.4,0.5655,0.0473,-9.4,0.5614,0.0424,-9.4,0.6968,0.0743
88,-5.3,0.6929,0.0427,-9.3,0.5469,0.0483,-9.3,0.5721,0.0473,-9.3,0.5686,0.0424,-9.3,0.7023,0.0743
89,-5.2,0.7024,0.0427,-9.2,0.5546,0.0483,-9.2,0.5788,0.0473,-9.2,0.5758,0.0424,-9.2,0.7078,0.0743
90,-5.1,0.7119,0.0427,-9.1,0.5623,0.0482,-9.1,0.5854,0.0473,-9.1,0.583,0.0424,-9.1,0.7132,0.0743
91,-5,0.7213,0.0426,-9,0.57,0.0482,-9,0.592,0.0473,-9,0.5902,0.0424,-9,0.7186,0.0743
92,-4.9,0.7305,0.0426,-8.9,0.5776,0.0482,-8.9,0.5986,0.0473,-8.9,0.5973,0.0424,-8.9,0.7239,0.0743
93,-4.8,0.7397,0.0425,-8.8,0.5852,0.0482,-8.8,0.6051,0.0473,-8.8,0.6044,0.0424,-8.8,0.7292,0.0743
94,-4.7,0.7488,0.0425,-8.7,0.5928,0.0481,-8.7,0.6117,0.0473,-8.7,0.6115,0.0424,-8.7,0.7345,0.0743
95,-4.6,0.7577,0.0425,-8.6,0.6004,0.0481,-8.6,0.6182,0.0473,-8.6,0.6185,0.0424,-8.6,0.7397,0.0743
96,-4.5,0.7665,0.0425,-8.5,0.6079,0.0481,-8.5,0.6247,0.0473,-8.5,0.6256,0.0424,-8.5,0.7449,0.0743
97,-4.4,0.7752,0.0425,-8.4,0.6154,0.0481,-8.4,0.6312,0.0473,-8.4,0.6325,0.0424,-8.4,0.7501,0.0743
98,-4.3,0.7837,0.0424,-8.3,0.6228,0.0481,-8.3,0.6376,0.0473,-8.3,0.6395,0.0424,-8.3,0.7552,0.0743
99,-4.2,0.7921,0.0424,-8.2,0.6303,0.048,-8.2,0.6441,0.0473,-8.2,0.6464,0.0423,-8.2,0.7602,0.0743
100,-4.1,0.8004,0.0424,-8.1,0.6376,0.048,-8.1,0.6505,0.0472,-8.1,0.6533,0.0423,-8.1,0.7653,0.0743
101,-4,0.8084,0.0424,-8,0.645,0.048,-8,0.6568,0.0472,-8,0.6601,0.0423,-8,0.7703,0.0743
102,-3.9,0.8163,0.0424,-7.9,0.6523,0.048,-7.9,0.6632,0.0472,-7.9,0.6669,0.0423,-7.9,0.7752,0.0743
103,-3.8,0.8241,0.0424,-7.8,0.6595,0.048,-7.8,0.6695,0.0472,-7.8,0.6737,0.0423,-7.8,0.7801,0.0743
104,-3.7,0.8316,0.0424,-7.7,0.6667,0.048,-7.7,0.6758,0.0472,-7.7,0.6804,0.0423,-7.7,0.785,0.0743
105,-3.6,0.839,0.0424,-7.6,0.6738,0.0479,-7.6,0.682,0.0472,-7.6,0.687,0.0423,-7.6,0.7898,0.0742
106,-3.5,0.8462,0.0424,-7.5,0.6809,0.0479,-7.5,0.6882,0.0472,-7.5,0.6936,0.0423,-7.5,0.7945,0.0742
107,-3.4,0.8531,0.0424,-7.4,0.6879,0.0479,-7.4,0.6944,0.0472,-7.4,0.7002,0.0423,-7.4,0.7992,0.0742
108,-3.3,0.8599,0.0424,-7.3,0.6949,0.0479,-7.3,0.7005,0.0472,-7.3,0.7067,0.0423,-7.3,0.8039,0.0742
109,-3.2,0.8665,0.0424,-7.2,0.7018,0.0479,-7.2,0.7065,0.0472,-7.2,0.7132,0.0423,-7.2,0.8085,0.0742
110,-3.1,0.8729,0.0425,-7.1,0.7086,0.0479,-7.1,0.7126,0.0472,-7.1,0.7196,0.0423,-7.1,0.8131,0.0742
111,-3,0.879,0.0425,-7,0.7154,0.0479,-7,0.7186,0.0472,-7,0.7259,0.0423,-7,0.8176,0.0742
112,-2.9,0.885,0.0425,-6.9,0.7221,0.0479,-6.9,0.7245,0.0471,-6.9,0.7322,0.0423,-6.9,0.8221,0.0741
113,-2.8,0.8907,0.0425,-6.8,0.7288,0.0478,-6.8,0.7304,0.0471,-6.8,0.7384,0.0423,-6.8,0.8265,0.0741
114,-2.7,0.8962,0.0425,-6.7,0.7353,0.0478,-6.7,0.7363,0.0471,-6.7,0.7446,0.0423,-6.7,0.8309,0.0741
115,-2.6,0.9015,0.0425,-6.6,0.7419,0.0478,-6.6,0.7421,0.0471,-6.6,0.7507,0.0423,-6.6,0.8352,0.0741
116,-2.5,0.9066,0.0425,-6.5,0.7483,0.0478,-6.5,0.7478,0.0471,-6.5,0.7567,0.0423,-6.5,0.8394,0.0741
117,-2.4,0.9114,0.0425,-6.4,0.7546,0.0478,-6.4,0.7535,0.0471,-6.4,0.7627,0.0423,-6.4,0.8437,0.074
118,-2.3,0.916,0.0426,-6.3,0.7609,0.0478,-6.3,0.7592,0.0471,-6.3,0.7686,0.0423,-6.3,0.8478,0.074
119,-2.2,0.9204,0.0426,-6.2,0.7671,0.0478,-6.2,0.7648,0.0471,-6.2,0.7745,0.0423,-6.2,0.8519,0.074
120,-2.1,0.9246,0.0426,-6.1,0.7733,0.0478,-6.1,0.7703,0.0471,-6.1,0.7803,0.0423,-6.1,0.856,0.074
121,-2,0.9285,0.0426,-6,0.7793,0.0478,-6,0.7758,0.0471,-6,0.786,0.0423,-6,0.86,0.074
122,-1.9,0.9321,0.0426,-5.9,0.7853,0.0478,-5.9,0.7812,0.0471,-5.9,0.7916,0.0423,-5.9,0.8639,0.0739
123,-1.8,0.9356,0.0426,-5.8,0.7912,0.0478,-5.8,0.7866,0.0471,-5.8,0.7972,0.0422,-5.8,0.8678,0.0739
124,-1.7,0.9388,0.0426,-5.7,0.797,0.0478,-5.7,0.7919,0.0471,-5.7,0.8027,0.0422,-5.7,0.8716,0.0739
125,-1.6,0.9417,0.0426,-5.6,0.8027,0.0478,-5.6,0.7972,0.0471,-5.6,0.8081,0.0422,-5.6,0.8754,0.0739
126,-1.5,0.9444,0.0427,-5.5,0.8083,0.0478,-5.5,0.8023,0.0471,-5.5,0.8135,0.0422,-5.5,0.8791,0.0739
127,-1.4,0.9469,0.0427,-5.4,0.8138,0.0478,-5.4,0.8075,0.047,-5.4,0.8188,0.0422,-5.4,0.8828,0.0738
128,-1.3,0.9491,0.0427,-5.3,0.8193,0.0478,-5.3,0.8125,0.047,-5.3,0.824,0.0422,-5.3,0.8864,0.0738
129,-1.2,0.9511,0.0427,-5.2,0.8247,0.0478,-5.2,0.8175,0.047,-5.2,0.8291,0.0422,-5.2,0.89,0.0738
130,-1.1,0.9529,0.0427,-5.1,0.8299,0.0478,-5.1,0.8225,0.047,-5.1,0.8342,0.0422,-5.1,0.8935,0.0738
131,-1,0.9544,0.0427,-5,0.8351,0.0478,-5,0.8273,0.047,-5,0.8392,0.0422,-5,0.8969,0.0738
132,-0.9,0.9557,0.0427,-4.9,0.8402,0.0478,-4.9,0.8321,0.047,-4.9,0.8441,0.0422,-4.9,0.9003,0.0737
133,-0.8,0.9568,0.0427,-4.8,0.8452,0.0478,-4.8,0.8369,0.047,-4.8,0.8489,0.0422,-4.8,0.9036,0.0737
134,-0.7,0.9576,0.0427,-4.7,0.8501,0.0477,-4.7,0.8416,0.047,-4.7,0.8537,0.0422,-4.7,0.9069,0.0737
135,-0.6,0.9582,0.0427,-4.6,0.8549,0.0477,-4.6,0.8462,0.047,-4.6,0.8583,0.0422,-4.6,0.9101,0.0737
136,-0.5,0.9585,0.0427,-4.5,0.8596,0.0477,-4.5,0.8507,0.047,-4.5,0.8629,0.0422,-4.5,0.9132,0.0737
137,-0.4,0.9587,0.0427,-4.4,0.8642,0.0477,-4.4,0.8552,0.047,-4.4,0.8674,0.0422,-4.4,0.9163,0.0736
138,-0.3,0.9585,0.0427,-4.3,0.8687,0.0477,-4.3,0.8596,0.047,-4.3,0.8719,0.0421,-4.3,0.9194,0.0736
139,-0.2,0.9582,0.0427,-4.2,0.8731,0.0477,-4.2,0.8639,0.047,-4.2,0.8762,0.0421,-4.2,0.9224,0.0736
140,-0.1,0.9577,0.0427,-4.1,0.8774,0.0477,-4.1,0.8681,0.047,-4.1,0.8805,0.0421,-4.1,0.9253,0.0736
141,0,0.9569,0.0428,-4,0.8816,0.0477,-4,0.8723,0.047,-4,0.8847,0.0421,-4,0.9281,0.0736
142,0.1,0.9559,0.0428,-3.9,0.8857,0.0477,-3.9,0.8764,0.047,-3.9,0.8888,0.0421,-3.9,0.9309,0.0735
143,0.2,0.9547,0.0428,-3.8,0.8897,0.0477,-3.8,0.8805,0.047,-3.8,0.8928,0.0421,-3.8,0.9337,0.0735
144,0.3,0.9532,0.0428,-3.7,0.8936,0.0477,-3.7,0.8844,0.047,-3.7,0.8968,0.0421,-3.7,0.9364,0.0735
145,0.4,0.9516,0.0428,-3.6,0.8974,0.0477,-3.6,0.8883,0.047,-3.6,0.9007,0.0421,-3.6,0.939,0.0735
146,0.5,0.9497,0.0428,-3.5,0.9011,0.0477,-3.5,0.8921,0.047,-3.5,0.9044,0.0421,-3.5,0.9415,0.0735
147,0.6,0.9477,0.0428,-3.4,0.9047,0.0477,-3.4,0.8959,0.047,-3.4,0.9081,0.0421,-3.4,0.9441,0.0735
148,0.7,0.9454,0.0428,-3.3,0.9082,0.0477,-3.3,0.8995,0.047,-3.3,0.9118,0.0421,-3.3,0.9465,0.0734
149,0.8,0.9429,0.0428,-3.2,0.9116,0.0477,-3.2,0.9031,0.047,-3.2,0.9153,0.0421,-3.2,0.9489,0.0734
150,0.9,0.9403,0.0428,-3.1,0.9149,0.0477,-3.1,0.9066,0.047,-3.1,0.9188,0.0421,-3.1,0.9512,0.0734
151,1,0.9374,0.0428,-3,0.9181,0.0477,-3,0.9101,0.047,-3,0.9221,0.0421,-3,0.9535,0.0734
152,1.1,0.9344,0.0428,-2.9,0.9212,0.0477,-2.9,0.9134,0.047,-2.9,0.9254,0.0421,-2.9,0.9557,0.0734
153,1.2,0.9311,0.0428,-2.8,0.9241,0.0477,-2.8,0.9167,0.047,-2.8,0.9286,0.0421,-2.8,0.9579,0.0734
154,1.3,0.9277,0.0428,-2.7,0.927,0.0477,-2.7,0.9199,0.047,-2.7,0.9317,0.0421,-2.7,0.9599,0.0733
155,1.4,0.9241,0.0428,-2.6,0.9298,0.0477,-2.6,0.923,0.047,-2.6,0.9348,0.0421,-2.6,0.962,0.0733
156,1.5,0.9203,0.0428,-2.5,0.9324,0.0477,-2.5,0.9261,0.047,-2.5,0.9377,0.0421,-2.5,0.964,0.0733
157,1.6,0.9164,0.0428,-2.4,0.935,0.0477,-2.4,0.9291,0.047,-2.4,0.9406,0.0421,-2.4,0.9659,0.0733
158,1.7,0.9123,0.0428,-2.3,0.9375,0.0477,-2.3,0.932,0.0471,-2.3,0.9434,0.0421,-2.3,0.9677,0.0733
159,1.8,0.908,0.0428,-2.2,0.9398,0.0477,-2.2,0.9348,0.0471,-2.2,0.9461,0.0421,-2.2,0.9695,0.0733
160,1.9,0.9036,0.0428,-2.1,0.942,0.0477,-2.1,0.9375,0.0471,-2.1,0.9487,0.0421,-2.1,0.9713,0.0733
161,2,0.899,0.0428,-2,0.9442,0.0477,-2,0.9402,0.0471,-2,0.9512,0.0421,-2,0.973,0.0733
162,2.1,0.8942,0.0428,-1.9,0.9462,0.0477,-1.9,0.9428,0.0471,-1.9,0.9537,0.0421,-1.9,0.9746,0.0732
163,2.2,0.8893,0.0428,-1.8,0.9481,0.0477,-1.8,0.9453,0.0471,-1.8,0.9561,0.0421,-1.8,0.9762,0.0732
164,2.3,0.8843,0.0428,-1.7,0.95,0.0477,-1.7,0.9477,0.0471,-1.7,0.9584,0.0421,-1.7,0.9777,0.0732
165,2.4,0.8791,0.0428,-1.6,0.9517,0.0477,-1.6,0.9501,0.0471,-1.6,0.9606,0.0421,-1.6,0.9792,0.0732
166,2.5,0.8738,0.0428,-1.5,0.9533,0.0477,-1.5,0.9524,0.0471,-1.5,0.9627,0.0421,-1.5,0.9806,0.0732
167,2.6,0.8683,0.0428,-1.4,0.9548,0.0477,-1.4,0.9545,0.0471,-1.4,0.9647,0.0421,-1.4,0.9819,0.0732
168,2.7,0.8627,0.0428,-1.3,0.9562,0.0477,-1.3,0.9567,0.0471,-1.3,0.9667,0.0421,-1.3,0.9832,0.0732
169,2.8,0.857,0.0428,-1.2,0.9575,0.0477,-1.2,0.9587,0.0471,-1.2,0.9686,0.0421,-1.2,0.9844,0.0732
170,2.9,0.8512,0.0428,-1.1,0.9587,0.0477,-1.1,0.9607,0.0471,-1.1,0.9704,0.0421,-1.1,0.9856,0.0732
171,3,0.8452,0.0428,-1,0.9599,0.0477,-1,0.9626,0.0471,-1,0.9721,0.0421,-1,0.9867,0.0732
172,3.1,0.8392,0.0428,-0.9,0.9609,0.0477,-0.9,0.9644,0.0471,-0.9,0.9738,0.0421,-0.9,0.9878,0.0732
173,3.2,0.833,0.0428,-0.8,0.9618,0.0477,-0.8,0.9661,0.0471,-0.8,0.9753,0.0421,-0.8,0.9888,0.0731
174,3.3,0.8268,0.0428,-0.7,0.9626,0.0477,-0.7,0.9678,0.0471,-0.7,0.9768,0.0421,-0.7,0.9897,0.0731
175,3.4,0.8204,0.0428,-0.6,0.9633,0.0477,-0.6,0.9693,0.0471,-0.6,0.9782,0.0421,-0.6,0.9906,0.0731
176,3.5,0.8139,0.0428,-0.5,0.9639,0.0477,-0.5,0.9709,0.0471,-0.5,0.9796,0.0421,-0.5,0.9915,0.0731
177,3.6,0.8074,0.0428,-0.4,0.9644,0.0477,-0.4,0.9723,0.0471,-0.4,0.9808,0.0421,-0.4,0.9923,0.0731
178,3.7,0.8008,0.0427,-0.3,0.9648,0.0477,-0.3,0.9736,0.0471,-0.3,0.982,0.0421,-0.3,0.993,0.0731
179,3.8,0.794,0.0427,-0.2,0.9651,0.0477,-0.2,0.9749,0.0471,-0.2,0.9831,0.0421,-0.2,0.9937,0.0731
180,3.9,0.7872,0.0427,-0.1,0.9653,0.0476,-0.1,0.9761,0.0471,-0.1,0.9841,0.0421,-0.1,0.9943,0.0731
181,4,0.7804,0.0427,0,0.9654,0.0476,0,0.9772,0.0471,0,0.9851,0.0421,0,0.9949,0.0731
182,4.1,0.7734,0.0427,0.1,0.9654,0.0476,0.1,0.9783,0.0471,0.1,0.986,0.0421,0.1,0.9955,0.0731
183,4.2,0.7664,0.0427,0.2,0.9653,0.0476,0.2,0.9793,0.0471,0.2,0.9868,0.0422,0.2,0.9959,0.0731
184,4.3,0.7594,0.0427,0.3,0.9651,0.0476,0.3,0.9802,0.0471,0.3,0.9875,0.0422,0.3,0.9964,0.0731
185,4.4,0.7522,0.0427,0.4,0.9649,0.0476,0.4,0.981,0.0471,0.4,0.9882,0.0422,0.4,0.9967,0.0731
186,4.5,0.7451,0.0427,0.5,0.9645,0.0476,0.5,0.9818,0.0471,0.5,0.9887,0.0422,0.5,0.9971,0.073
187,4.6,0.7378,0.0427,0.6,0.9641,0.0476,0.6,0.9824,0.0471,0.6,0.9893,0.0422,0.6,0.9973,0.073
188,4.7,0.7305,0.0427,0.7,0.9635,0.0476,0.7,0.9831,0.0471,0.7,0.9897,0.0422,0.7,0.9976,0.073
189,4.8,0.7232,0.0427,0.8,0.9629,0.0476,0.8,0.9836,0.0471,0.8,0.9901,0.0422,0.8,0.9977,0.073
190,4.9,0.7159,0.0426,0.9,0.9621,0.0476,0.9,0.9841,0.0471,0.9,0.9904,0.0422,0.9,0.9979,0.073
191,5,0.7085,0.0426,1,0.9613,0.0476,1,0.9845,0.0471,1,0.9906,0.0422,1,0.9979,0.073
192,5.1,0.7011,0.0426,1.1,0.9604,0.0476,1.1,0.9848,0.0471,1.1,0.9908,0.0422,1.1,0.998,0.073
193,5.2,0.6936,0.0426,1.2,0.9594,0.0476,1.2,0.9851,0.0471,1.2,0.9909,0.0422,1.2,0.9979,0.073
194,5.3,0.6861,0.0426,1.3,0.9583,0.0476,1.3,0.9852,0.0471,1.3,0.9909,0.0422,1.3,0.9979,0.073
195,5.4,0.6786,0.0426,1.4,0.9572,0.0476,1.4,0.9854,0.0471,1.4,0.9908,0.0422,1.4,0.9978,0.073
196,5.5,0.6711,0.0425,1.5,0.9559,0.0476,1.5,0.9854,0.0471,1.5,0.9907,0.0422,1.5,0.9976,0.073
197,5.6,0.6636,0.0425,1.6,0.9546,0.0476,1.6,0.9854,0.0471,1.6,0.9906,0.0422,1.6,0.9974,0.073
198,5.7,0.6561,0.0425,1.7,0.9532,0.0476,1.7,0.9853,0.0471,1.7,0.9903,0.0422,1.7,0.9971,0.073
199,5.8,0.6485,0.0425,1.8,0.9517,0.0476,1.8,0.9852,0.0471,1.8,0.99,0.0422,1.8,0.9968,0.073
200,5.9,0.641,0.0425,1.9,0.9501,0.0476,1.9,0.985,0.0471,1.9,0.9897,0.0422,1.9,0.9965,0.073
201,6,0.6334,0.0424,2,0.9484,0.0476,2,0.9847,0.0471,2,0.9892,0.0422,2,0.9961,0.0729
202,6.1,0.6259,0.0424,2.1,0.9467,0.0476,2.1,0.9843,0.0471,2.1,0.9888,0.0422,2.1,0.9957,0.0729
203,6.2,0.6184,0.0424,2.2,0.9449,0.0475,2.2,0.9839,0.0471,2.2,0.9882,0.0422,2.2,0.9952,0.0729
204,6.3,0.6108,0.0424,2.3,0.943,0.0475,2.3,0.9834,0.0471,2.3,0.9876,0.0422,2.3,0.9947,0.0729
205,6.4,0.6033,0.0423,2.4,0.941,0.0475,2.4,0.9829,0.0471,2.4,0.9869,0.0422,2.4,0.9941,0.0729
206,6.5,0.5958,0.0423,2.5,0.9389,0.0475,2.5,0.9823,0.0471,2.5,0.9862,0.0422,2.5,0.9935,0.0729
207,6.6,0.5884,0.0423,2.6,0.9368,0.0475,2.6,0.9816,0.0471,2.6,0.9854,0.0422,2.6,0.9929,0.0729
208,6.7,0.5809,0.0422,2.7,0.9346,0.0475,2.7,0.9809,0.0471,2.7,0.9846,0.0422,2.7,0.9922,0.0729
209,6.8,0.5735,0.0422,2.8,0.9323,0.0475,2.8,0.9801,0.0471,2.8,0.9837,0.0422,2.8,0.9915,0.0729
210,6.9,0.5661,0.0422,2.9,0.93,0.0475,2.9,0.9793,0.0471,2.9,0.9827,0.0422,2.9,0.9907,0.0729
211,7,0.5587,0.0421,3,0.9276,0.0475,3,0.9784,0.0471,3,0.9817,0.0422,3,0.9899,0.0729
212,7.1,0.5513,0.0421,3.1,0.9251,0.0475,3.1,0.9774,0.0471,3.1,0.9807,0.0422,3.1,0.9891,0.0729
213,7.2,0.544,0.0421,3.2,0.9226,0.0475,3.2,0.9764,0.0471,3.2,0.9796,0.0422,3.2,0.9882,0.0729
214,7.3,0.5367,0.0421,3.3,0.9199,0.0475,3.3,0.9754,0.0471,3.3,0.9784,0.0422,3.3,0.9873,0.0729
215,7.4,0.5295,0.042,3.4,0.9173,0.0475,3.4,0.9742,0.0471,3.4,0.9772,0.0422,3.4,0.9863,0.0729
216,7.5,0.5223,0.042,3.5,0.9145,0.0475,3.5,0.973,0.0471,3.5,0.9759,0.0422,3.5,0.9853,0.0729
217,7.6,0.5151,0.042,3.6,0.9117,0.0475,3.6,0.9718,0.047,3.6,0.9746,0.0422,3.6,0.9843,0.0729
218,7.7,0.508,0.0419,3.7,0.9088,0.0475,3.7,0.9705,0.047,3.7,0.9732,0.0422,3.7,0.9832,0.0728
219,7.8,0.501,0.0419,3.8,0.9059,0.0475,3.8,0.9692,0.047,3.8,0.9718,0.0422,3.8,0.9821,0.0728
220,7.9,0.494,0.0419,3.9,0.9029,0.0475,3.9,0.9678,0.047,3.9,0.9703,0.0422,3.9,0.981,0.0728
221,8,0.487,0.0418,4,0.8998,0.0475,4,0.9663,0.047,4,0.9688,0.0422,4,0.9798,0.0728
222,8.1,0.4801,0.0418,4.1,0.8967,0.0475,4.1,0.9648,0.047,4.1,0.9673,0.0422,4.1,0.9786,0.0728
223,8.2,0.4732,0.0418,4.2,0.8936,0.0475,4.2,0.9632,0.047,4.2,0.9657,0.0422,4.2,0.9774,0.0728
224,8.3,0.4664,0.0417,4.3,0.8903,0.0475,4.3,0.9616,0.047,4.3,0.964,0.0422,4.3,0.9761,0.0728
225,8.4,0.4597,0.0417,4.4,0.8871,0.0475,4.4,0.96,0.047,4.4,0.9623,0.0422,4.4,0.9748,0.0728
226,8.5,0.453,0.0417,4.5,0.8837,0.0475,4.5,0.9583,0.047,4.5,0.9606,0.0422,4.5,0.9734,0.0728
227,8.6,0.4464,0.0416,4.6,0.8804,0.0475,4.6,0.9565,0.047,4.6,0.9588,0.0422,4.6,0.9721,0.0728
228,8.7,0.4398,0.0416,4.7,0.8769,0.0475,4.7,0.9547,0.047,4.7,0.957,0.0422,4.7,0.9707,0.0728
229,8.8,0.4333,0.0416,4.8,0.8734,0.0475,4.8,0.9529,0.047,4.8,0.9552,0.0422,4.8,0.9693,0.0728
230,8.9,0.4269,0.0416,4.9,0.8699,0.0475,4.9,0.951,0.047,4.9,0.9533,0.0422,4.9,0.9678,0.0728
231,9,0.4205,0.0415,5,0.8663,0.0475,5,0.9491,0.047,5,0.9513,0.0422,5,0.9663,0.0728
232,9.1,0.4142,0.0415,5.1,0.8627,0.0475,5.1,0.9471,0.047,5.1,0.9494,0.0422,5.1,0.9648,0.0728
233,9.2,0.408,0.0415,5.2,0.859,0.0475,5.2,0.9451,0.047,5.2,0.9473,0.0422,5.2,0.9633,0.0728
234,9.3,0.4018,0.0415,5.3,0.8553,0.0475,5.3,0.943,0.047,5.3,0.9453,0.0422,5.3,0.9617,0.0728
235,9.4,0.3957,0.0414,5.4,0.8515,0.0475,5.4,0.9409,0.047,5.4,0.9432,0.0422,5.4,0.9601,0.0728
236,9.5,0.3897,0.0414,5.5,0.8477,0.0475,5.5,0.9388,0.047,5.5,0.9411,0.0422,5.5,0.9585,0.0728
237,9.6,0.3838,0.0414,5.6,0.8439,0.0475,5.6,0.9366,0.047,5.6,0.939,0.0422,5.6,0.9568,0.0728
238,9.7,0.3779,0.0414,5.7,0.84,0.0475,5.7,0.9344,0.047,5.7,0.9368,0.0422,5.7,0.9551,0.0728
239,9.8,0.3721,0.0414,5.8,0.8361,0.0475,5.8,0.9321,0.047,5.8,0.9346,0.0422,5.8,0.9534,0.0728
240,9.9,0.3664,0.0414,5.9,0.8321,0.0475,5.9,0.9298,0.047,5.9,0.9323,0.0422,5.9,0.9517,0.0728
241,10,0.3607,0.0413,6,0.8281,0.0475,6,0.9275,0.047,6,0.93,0.0422,6,0.95,0.0728
242,10.1,0.3552,0.0413,6.1,0.8241,0.0475,6.1,0.9251,0.0469,6.1,0.9277,0.0422,6.1,0.9482,0.0728
243,10.2,0.3497,0.0413,6.2,0.82,0.0475,6.2,0.9227,0.0469,6.2,0.9254,0.0422,6.2,0.9464,0.0727
244,10.3,0.3442,0.0413,6.3,0.8159,0.0475,6.3,0.9203,0.0469,6.3,0.923,0.0422,6.3,0.9446,0.0727
245,10.4,0.3389,0.0413,6.4,0.8118,0.0475,6.4,0.9178,0.0469,6.4,0.9206,0.0422,6.4,0.9427,0.0727
246,10.5,0.3336,0.0413,6.5,0.8076,0.0475,6.5,0.9153,0.0469,6.5,0.9182,0.0422,6.5,0.9409,0.0727
247,10.6,0.3284,0.0413,6.6,0.8034,0.0475,6.6,0.9128,0.0469,6.6,0.9158,0.0422,6.6,0.939,0.0727
248,10.7,0.3233,0.0413,6.7,0.7992,0.0475,6.7,0.9102,0.0469,6.7,0.9133,0.0422,6.7,0.9371,0.0727
249,10.8,0.3183,0.0413,6.8,0.795,0.0475,6.8,0.9076,0.0469,6.8,0.9108,0.0422,6.8,0.9352,0.0727
250,10.9,0.3133,0.0413,6.9,0.7907,0.0475,6.9,0.905,0.0469,6.9,0.9083,0.0422,6.9,0.9332,0.0727
251,11,0.3085,0.0413,7,0.7864,0.0475,7,0.9023,0.0469,7,0.9058,0.0422,7,0.9313,0.0727
252,11.1,0.3037,0.0413,7.1,0.7821,0.0475,7.1,0.8997,0.0469,7.1,0.9032,0.0422,7.1,0.9293,0.0727
253,11.2,0.2989,0.0413,7.2,0.7777,0.0475,7.2,0.8969,0.0469,7.2,0.9006,0.0422,7.2,0.9273,0.0727
254,11.3,0.2943,0.0413,7.3,0.7734,0.0475,7.3,0.8942,0.0469,7.3,0.898,0.0422,7.3,0.9253,0.0727
255,11.4,0.2897,0.0413,7.4,0.769,0.0475,7.4,0.8914,0.0469,7.4,0.8954,0.0422,7.4,0.9232,0.0727
256,11.5,0.2852,0.0413,7.5,0.7646,0.0475,7.5,0.8886,0.0469,7.5,0.8927,0.0422,7.5,0.9212,0.0727
257,11.6,0.2808,0.0414,7.6,0.7601,0.0475,7.6,0.8858,0.0469,7.6,0.8901,0.0422,7.6,0.9191,0.0727
258,11.7,0.2765,0.0414,7.7,0.7557,0.0475,7.7,0.883,0.0469,7.7,0.8874,0.0422,7.7,0.917,0.0727
259,11.8,0.2722,0.0414,7.8,0.7512,0.0475,7.8,0.8801,0.0469,7.8,0.8847,0.0422,7.8,0.9149,0.0727
260,11.9,0.2681,0.0414,7.9,0.7468,0.0475,7.9,0.8772,0.0469,7.9,0.882,0.0422,7.9,0.9128,0.0727
261,12,0.264,0.0414,8,0.7423,0.0475,8,0.8743,0.0469,8,0.8792,0.0422,8,0.9107,0.0727
262,12.1,0.2599,0.0414,8.1,0.7377,0.0475,8.1,0.8714,0.0469,8.1,0.8765,0.0422,8.1,0.9086,0.0727
263,12.2,0.256,0.0414,8.2,0.7332,0.0475,8.2,0.8685,0.0469,8.2,0.8737,0.0422,8.2,0.9064,0.0727
264,12.3,0.2521,0.0415,8.3,0.7287,0.0475,8.3,0.8655,0.0469,8.3,0.8709,0.0422,8.3,0.9043,0.0727
265,12.4,0.2483,0.0415,8.4,0.7241,0.0474,8.4,0.8625,0.0469,8.4,0.8681,0.0422,8.4,0.9021,0.0727
266,12.5,0.2446,0.0415,8.5,0.7196,0.0474,8.5,0.8595,0.0469,8.5,0.8653,0.0422,8.5,0.8999,0.0727
267,12.6,0.2409,0.0415,8.6,0.715,0.0474,8.6,0.8565,0.0469,8.6,0.8625,0.0422,8.6,0.8977,0.0727
268,12.7,0.2374,0.0416,8.7,0.7105,0.0474,8.7,0.8535,0.0469,8.7,0.8597,0.0422,8.7,0.8955,0.0727
269,12.8,0.2339,0.0416,8.8,0.7059,0.0474,8.8,0.8504,0.0469,8.8,0.8569,0.0422,8.8,0.8933,0.0727
270,12.9,0.2304,0.0416,8.9,0.7013,0.0474,8.9,0.8473,0.0469,8.9,0.854,0.0422,8.9,0.8911,0.0727
271,13,0.2271,0.0416,9,0.6967,0.0474,9,0.8443,0.0469,9,0.8512,0.0422,9,0.8888,0.0727
272,13.1,0.2238,0.0417,9.1,0.6921,0.0474,9.1,0.8412,0.0469,9.1,0.8483,0.0422,9.1,0.8866,0.0727
273,13.2,0.2205,0.0417,9.2,0.6875,0.0474,9.2,0.8381,0.0469,9.2,0.8454,0.0422,9.2,0.8843,0.0727
274,13.3,0.2174,0.0417,9.3,0.6829,0.0474,9.3,0.8349,0.0469,9.3,0.8425,0.0422,9.3,0.8821,0.0727
275,13.4,0.2143,0.0417,9.4,0.6783,0.0474,9.4,0.8318,0.0469,9.4,0.8396,0.0423,9.4,0.8798,0.0727
276,13.5,0.2113,0.0418,9.5,0.6737,0.0474,9.5,0.8287,0.0469,9.5,0.8367,0.0423,9.5,0.8775,0.0727
277,13.6,0.2083,0.0418,9.6,0.6691,0.0474,9.6,0.8255,0.0469,9.6,0.8338,0.0423,9.6,0.8752,0.0727
278,13.7,0.2054,0.0418,9.7,0.6645,0.0474,9.7,0.8223,0.0469,9.7,0.8309,0.0423,9.7,0.8729,0.0727
279,13.8,0.2026,0.0418,9.8,0.6599,0.0474,9.8,0.8192,0.0469,9.8,0.828,0.0423,9.8,0.8706,0.0727
280,13.9,0.1999,0.0419,9.9,0.6553,0.0474,9.9,0.816,0.0469,9.9,0.8251,0.0423,9.9,0.8683,0.0727
281,14,0.1972,0.0419,10,0.6507,0.0474,10,0.8128,0.0469,10,0.8222,0.0423,10,0.866,0.0727
282,14.1,0.1945,0.0419,10.1,0.6461,0.0474,10.1,0.8096,0.0469,10.1,0.8193,0.0423,10.1,0.8637,0.0727
283,14.2,0.1919,0.042,10.2,0.6415,0.0474,10.2,0.8064,0.0469,10.2,0.8163,0.0423,10.2,0.8614,0.0727
284,14.3,0.1894,0.042,10.3,0.637,0.0474,10.3,0.8032,0.0469,10.3,0.8134,0.0423,10.3,0.8591,0.0727
285,14.4,0.187,0.042,10.4,0.6324,0.0474,10.4,0.7999,0.0469,10.4,0.8105,0.0423,10.4,0.8568,0.0727
286,14.5,0.1846,0.042,10.5,0.6278,0.0474,10.5,0.7967,0.0469,10.5,0.8075,0.0423,10.5,0.8544,0.0727
287,14.6,0.1823,0.0421,10.6,0.6233,0.0474,10.6,0.7935,0.047,10.6,0.8046,0.0423,10.6,0.8521,0.0727
288,14.7,0.18,0.0421,10.7,0.6187,0.0474,10.7,0.7903,0.047,10.7,0.8017,0.0423,10.7,0.8498,0.0727
289,14.8,0.1777,0.0421,10.8,0.6142,0.0474,10.8,0.787,0.047,10.8,0.7987,0.0423,10.8,0.8474,0.0727
290,14.9,0.1756,0.0421,10.9,0.6096,0.0474,10.9,0.7838,0.047,10.9,0.7958,0.0423,10.9,0.8451,0.0727
291,15,0.1735,0.0422,11,0.6051,0.0474,11,0.7805,0.047,11,0.7929,0.0423,11,0.8428,0.0727
292,15.1,0.1714,0.0422,11.1,0.6006,0.0474,11.1,0.7773,0.047,11.1,0.7899,0.0423,11.1,0.8404,0.0727
293,15.2,0.1694,0.0422,11.2,0.5961,0.0474,11.2,0.7741,0.047,11.2,0.787,0.0423,11.2,0.8381,0.0727
294,15.3,0.1674,0.0422,11.3,0.5916,0.0474,11.3,0.7708,0.047,11.3,0.7841,0.0423,11.3,0.8358,0.0727
295,15.4,0.1655,0.0422,11.4,0.5872,0.0474,11.4,0.7676,0.047,11.4,0.7812,0.0424,11.4,0.8334,0.0727
296,15.5,0.1636,0.0423,11.5,0.5827,0.0474,11.5,0.7643,0.047,11.5,0.7782,0.0424,11.5,0.8311,0.0727
297,15.6,0.1618,0.0423,11.6,0.5783,0.0474,11.6,0.7611,0.047,11.6,0.7753,0.0424,11.6,0.8288,0.0727
298,15.7,0.1601,0.0423,11.7,0.5739,0.0474,11.7,0.7578,0.047,11.7,0.7724,0.0424,11.7,0.8264,0.0727
299,15.8,0.1583,0.0423,11.8,0.5694,0.0474,11.8,0.7546,0.047,11.8,0.7695,0.0424,11.8,0.8241,0.0727
300,15.9,0.1567,0.0423,11.9,0.5651,0.0474,11.9,0.7514,0.047,11.9,0.7666,0.0424,11.9,0.8218,0.0727
301,16,0.155,0.0423,12,0.5607,0.0474,12,0.7481,0.047,12,0.7637,0.0424,12,0.8194,0.0727
302,16.1,0.1534,0.0424,12.1,0.5563,0.0474,12.1,0.7449,0.047,12.1,0.7608,0.0424,12.1,0.8171,0.0727
303,16.2,0.1519,0.0424,12.2,0.552,0.0474,12.2,0.7417,0.047,12.2,0.7579,0.0424,12.2,0.8148,0.0727
304,16.3,0.1504,0.0424,12.3,0.5477,0.0474,12.3,0.7384,0.047,12.3,0.755,0.0424,12.3,0.8124,0.0727
305,16.4,0.1489,0.0424,12.4,0.5434,0.0474,12.4,0.7352,0.047,12.4,0.7522,0.0424,12.4,0.8101,0.0727
306,16.5,0.1474,0.0424,12.5,0.5391,0.0474,12.5,0.732,0.047,12.5,0.7493,0.0424,12.5,0.8078,0.0727
307,16.6,0.146,0.0424,12.6,0.5348,0.0474,12.6,0.7288,0.047,12.6,0.7465,0.0424,12.6,0.8055,0.0727
308,16.7,0.1447,0.0424,12.7,0.5306,0.0474,12.7,0.7256,0.047,12.7,0.7436,0.0424,12.7,0.8032,0.0727
309,16.8,0.1434,0.0424,12.8,0.5264,0.0474,12.8,0.7224,0.047,12.8,0.7408,0.0424,12.8,0.8009,0.0727
310,16.9,0.1421,0.0424,12.9,0.5222,0.0474,12.9,0.7192,0.047,12.9,0.7379,0.0424,12.9,0.7986,0.0727
311,17,0.1408,0.0424,13,0.518,0.0474,13,0.716,0.047,13,0.7351,0.0424,13,0.7963,0.0727
312,17.1,0.1396,0.0424,13.1,0.5139,0.0474,13.1,0.7129,0.047,13.1,0.7323,0.0424,13.1,0.794,0.0727
313,17.2,0.1384,0.0425,13.2,0.5098,0.0474,13.2,0.7097,0.047,13.2,0.7295,0.0424,13.2,0.7917,0.0727
314,17.3,0.1372,0.0425,13.3,0.5057,0.0474,13.3,0.7065,0.047,13.3,0.7267,0.0424,13.3,0.7895,0.0727
315,17.4,0.1361,0.0425,13.4,0.5016,0.0474,13.4,0.7034,0.047,13.4,0.7239,0.0424,13.4,0.7872,0.0727
316,17.5,0.135,0.0425,13.5,0.4975,0.0474,13.5,0.7003,0.047,13.5,0.7211,0.0424,13.5,0.7849,0.0727
317,17.6,0.1339,0.0425,13.6,0.4935,0.0474,13.6,0.6971,0.047,13.6,0.7184,0.0424,13.6,0.7827,0.0727
318,17.7,0.1329,0.0425,13.7,0.4895,0.0474,13.7,0.694,0.047,13.7,0.7156,0.0424,13.7,0.7804,0.0727
319,17.8,0.1318,0.0425,13.8,0.4855,0.0474,13.8,0.6909,0.047,13.8,0.7129,0.0424,13.8,0.7782,0.0727
320,17.9,0.1308,0.0425,13.9,0.4816,0.0474,13.9,0.6878,0.047,13.9,0.7101,0.0424,13.9,0.7759,0.0726
321,18,0.1299,0.0425,14,0.4777,0.0474,14,0.6847,0.047,14,0.7074,0.0424,14,0.7737,0.0726
322,18.1,0.1289,0.0425,14.1,0.4738,0.0474,14.1,0.6816,0.047,14.1,0.7047,0.0424,14.1,0.7715,0.0726
323,18.2,0.128,0.0425,14.2,0.4699,0.0474,14.2,0.6786,0.047,14.2,0.702,0.0424,14.2,0.7693,0.0726
324,18.3,0.1271,0.0424,14.3,0.4661,0.0474,14.3,0.6755,0.047,14.3,0.6993,0.0424,14.3,0.7671,0.0726
325,18.4,0.1262,0.0424,14.4,0.4622,0.0474,14.4,0.6725,0.047,14.4,0.6966,0.0424,14.4,0.7649,0.0726
326,18.5,0.1253,0.0424,14.5,0.4585,0.0474,14.5,0.6694,0.047,14.5,0.694,0.0424,14.5,0.7627,0.0726
327,18.6,0.1245,0.0424,14.6,0.4547,0.0474,14.6,0.6664,0.047,14.6,0.6913,0.0424,14.6,0.7605,0.0726
328,18.7,0.1237,0.0424,14.7,0.451,0.0474,14.7,0.6634,0.047,14.7,0.6887,0.0424,14.7,0.7583,0.0726
329,18.8,0.1229,0.0424,14.8,0.4473,0.0474,14.8,0.6604,0.047,14.8,0.6861,0.0424,14.8,0.7562,0.0726
330,18.9,0.1221,0.0424,14.9,0.4436,0.0474,14.9,0.6574,0.047,14.9,0.6835,0.0424,14.9,0.754,0.0726
331,19,0.1213,0.0424,15,0.44,0.0474,15,0.6545,0.047,15,0.6809,0.0424,15,0.7519,0.0726
332,19.1,0.1206,0.0424,15.1,0.4364,0.0474,15.1,0.6515,0.047,15.1,0.6783,0.0424,15.1,0.7498,0.0726
333,19.2,0.1198,0.0424,15.2,0.4328,0.0474,15.2,0.6486,0.047,15.2,0.6757,0.0424,15.2,0.7476,0.0726
334,19.3,0.1191,0.0424,15.3,0.4292,0.0474,15.3,0.6457,0.047,15.3,0.6732,0.0424,15.3,0.7455,0.0726
335,19.4,0.1184,0.0424,15.4,0.4257,0.0474,15.4,0.6428,0.047,15.4,0.6706,0.0424,15.4,0.7434,0.0726
336,19.5,0.1177,0.0424,15.5,0.4222,0.0474,15.5,0.6399,0.047,15.5,0.6681,0.0424,15.5,0.7413,0.0726
337,19.6,0.117,0.0424,15.6,0.4188,0.0474,15.6,0.637,0.047,15.6,0.6656,0.0423,15.6,0.7393,0.0725
338,19.7,0.1163,0.0423,15.7,0.4153,0.0474,15.7,0.6341,0.047,15.7,0.6631,0.0423,15.7,0.7372,0.0725
339,19.8,0.1157,0.0423,15.8,0.4119,0.0474,15.8,0.6313,0.047,15.8,0.6606,0.0423,15.8,0.7351,0.0725
340,19.9,0.115,0.0423,15.9,0.4086,0.0474,15.9,0.6284,0.047,15.9,0.6581,0.0423,15.9,0.7331,0.0725
341,20,0.1144,0.0423,16,0.4052,0.0474,16,0.6256,0.047,16,0.6557,0.0423,16,0.731,0.0725
342,20.1,0.1137,0.0423,16.1,0.4019,0.0474,16.1,0.6228,0.047,16.1,0.6532,0.0423,16.1,0.729,0.0725
343,20.2,0.1131,0.0423,16.2,0.3986,0.0474,16.2,0.62,0.047,16.2,0.6508,0.0423,16.2,0.727,0.0725
344,20.3,0.1125,0.0423,16.3,0.3954,0.0474,16.3,0.6173,0.047,16.3,0.6484,0.0423,16.3,0.725,0.0725
345,20.4,0.1119,0.0423,16.4,0.3922,0.0474,16.4,0.6145,0.047,16.4,0.646,0.0423,16.4,0.723,0.0725
346,20.5,0.1113,0.0423,16.5,0.389,0.0475,16.5,0.6118,0.047,16.5,0.6436,0.0423,16.5,0.721,0.0725
347,20.6,0.1107,0.0423,16.6,0.3859,0.0475,16.6,0.6091,0.047,16.6,0.6412,0.0423,16.6,0.719,0.0725
348,20.7,0.1101,0.0423,16.7,0.3827,0.0475,16.7,0.6064,0.047,16.7,0.6389,0.0423,16.7,0.7171,0.0725
349,20.8,0.1096,0.0423,16.8,0.3797,0.0475,16.8,0.6037,0.047,16.8,0.6365,0.0423,16.8,0.7151,0.0725
350,20.9,0.109,0.0422,16.9,0.3766,0.0475,16.9,0.601,0.047,16.9,0.6342,0.0423,16.9,0.7132,0.0725
351,21,0.1084,0.0422,17,0.3736,0.0475,17,0.5984,0.047,17,0.6319,0.0422,17,0.7113,0.0724
352,21.1,0.1079,0.0422,17.1,0.3706,0.0475,17.1,0.5957,0.047,17.1,0.6296,0.0422,17.1,0.7094,0.0724
353,21.2,0.1073,0.0422,17.2,0.3676,0.0475,17.2,0.5931,0.047,17.2,0.6273,0.0422,17.2,0.7075,0.0724
354,21.3,0.1068,0.0422,17.3,0.3647,0.0475,17.3,0.5905,0.047,17.3,0.6251,0.0422,17.3,0.7056,0.0724
355,21.4,0.1062,0.0422,17.4,0.3618,0.0475,17.4,0.588,0.047,17.4,0.6228,0.0422,17.4,0.7037,0.0724
356,21.5,0.1057,0.0422,17.5,0.359,0.0475,17.5,0.5854,0.047,17.5,0.6206,0.0422,17.5,0.7018,0.0724
357,21.6,0.1052,0.0422,17.6,0.3561,0.0475,17.6,0.5829,0.047,17.6,0.6184,0.0422,17.6,0.7,0.0724
358,21.7,0.1046,0.0422,17.7,0.3533,0.0475,17.7,0.5803,0.047,17.7,0.6162,0.0422,17.7,0.6982,0.0724
359,21.8,0.1041,0.0422,17.8,0.3506,0.0475,17.8,0.5778,0.047,17.8,0.614,0.0422,17.8,0.6963,0.0724
360,21.9,0.1036,0.0422,17.9,0.3478,0.0475,17.9,0.5753,0.047,17.9,0.6118,0.0422,17.9,0.6945,0.0724
361,22,0.1031,0.0422,18,0.3451,0.0475,18,0.5729,0.047,18,0.6097,0.0422,18,0.6927,0.0724
362,22.1,0.1026,0.0421,18.1,0.3425,0.0475,18.1,0.5704,0.047,18.1,0.6075,0.0421,18.1,0.6909,0.0724
363,22.2,0.102,0.0421,18.2,0.3398,0.0475,18.2,0.568,0.0469,18.2,0.6054,0.0421,18.2,0.6892,0.0724
364,22.3,0.1015,0.0421,18.3,0.3372,0.0475,18.3,0.5656,0.0469,18.3,0.6033,0.0421,18.3,0.6874,0.0724
365,22.4,0.101,0.0421,18.4,0.3346,0.0475,18.4,0.5632,0.0469,18.4,0.6012,0.0421,18.4,0.6856,0.0724
366,22.5,0.1005,0.0421,18.5,0.3321,0.0475,18.5,0.5608,0.0469,18.5,0.5991,0.0421,18.5,0.6839,0.0724
367,22.6,0.1,0.0421,18.6,0.3296,0.0475,18.6,0.5584,0.0469,18.6,0.597,0.0421,18.6,0.6822,0.0724
368,22.7,0.0995,0.0421,18.7,0.3271,0.0475,18.7,0.5561,0.0469,18.7,0.595,0.0421,18.7,0.6805,0.0723
369,22.8,0.099,0.0421,18.8,0.3246,0.0475,18.8,0.5537,0.0469,18.8,0.5929,0.0421,18.8,0.6788,0.0723
370,22.9,0.0985,0.0421,18.9,0.3222,0.0475,18.9,0.5514,0.0469,18.9,0.5909,0.0421,18.9,0.6771,0.0723
371,23,0.098,0.0421,19,0.3198,0.0475,19,0.5491,0.0469,19,0.5889,0.0421,19,0.6754,0.0723
372,23.1,0.0975,0.0421,19.1,0.3174,0.0475,19.1,0.5469,0.0469,19.1,0.5869,0.0421,19.1,0.6738,0.0723
373,23.2,0.097,0.0421,19.2,0.3151,0.0475,19.2,0.5446,0.0469,19.2,0.5849,0.042,19.2,0.6721,0.0723
374,23.3,0.0965,0.0421,19.3,0.3128,0.0475,19.3,0.5424,0.0469,19.3,0.583,0.042,19.3,0.6705,0.0723
375,23.4,0.096,0.0421,19.4,0.3105,0.0475,19.4,0.5402,0.0469,19.4,0.581,0.042,19.4,0.6688,0.0723
376,23.5,0.0955,0.042,19.5,0.3083,0.0475,19.5,0.538,0.0469,19.5,0.5791,0.042,19.5,0.6672,0.0723
377,23.6,0.095,0.042,19.6,0.3061,0.0475,19.6,0.5358,0.0469,19.6,0.5772,0.042,19.6,0.6656,0.0723
378,23.7,0.0945,0.042,19.7,0.3039,0.0475,19.7,0.5336,0.0469,19.7,0.5753,0.042,19.7,0.6641,0.0723
379,23.8,0.094,0.042,19.8,0.3017,0.0475,19.8,0.5315,0.0469,19.8,0.5734,0.042,19.8,0.6625,0.0723
380,23.9,0.0936,0.042,19.9,0.2996,0.0475,19.9,0.5294,0.0469,19.9,0.5715,0.042,19.9,0.6609,0.0723
381,24,0.0931,0.042,20,0.2975,0.0475,20,0.5273,0.0469,20,0.5696,0.042,20,0.6594,0.0723
382,24.1,0.0926,0.042,20.1,0.2955,0.0475,20.1,0.5252,0.0469,20.1,0.5678,0.042,20.1,0.6579,0.0723
383,24.2,0.0921,0.042,20.2,0.2934,0.0475,20.2,0.5231,0.0469,20.2,0.566,0.042,20.2,0.6563,0.0723
384,24.3,0.0916,0.042,20.3,0.2914,0.0475,20.3,0.521,0.0469,20.3,0.5641,0.0419,20.3,0.6548,0.0723
385,24.4,0.0911,0.042,20.4,0.2894,0.0475,20.4,0.519,0.0469,20.4,0.5623,0.0419,20.4,0.6533,0.0723
386,24.5,0.0906,0.042,20.5,0.2875,0.0475,20.5,0.517,0.0469,20.5,0.5605,0.0419,20.5,0.6518,0.0723
387,24.6,0.0901,0.042,20.6,0.2855,0.0475,20.6,0.515,0.0469,20.6,0.5588,0.0419,20.6,0.6504,0.0723
388,24.7,0.0897,0.042,20.7,0.2836,0.0475,20.7,0.513,0.0469,20.7,0.557,0.0419,20.7,0.6489,0.0723
389,24.8,0.0892,0.0419,20.8,0.2818,0.0475,20.8,0.5111,0.0469,20.8,0.5552,0.0419,20.8,0.6475,0.0723
390,24.9,0.0887,0.0419,20.9,0.2799,0.0475,20.9,0.5091,0.0469,20.9,0.5535,0.0419,20.9,0.646,0.0723
391,25,0.0882,0.0419,21,0.2781,0.0475,21,0.5072,0.0469,21,0.5518,0.0419,21,0.6446,0.0723
392,25.1,0.0877,0.0419,21.1,0.2763,0.0475,21.1,0.5053,0.0469,21.1,0.55,0.0419,21.1,0.6432,0.0723
393,25.2,0.0873,0.0419,21.2,0.2746,0.0475,21.2,0.5034,0.0469,21.2,0.5483,0.0419,21.2,0.6418,0.0723
394,25.3,0.0868,0.0419,21.3,0.2728,0.0475,21.3,0.5015,0.0469,21.3,0.5466,0.0419,21.3,0.6404,0.0723
395,25.4,0.0863,0.0419,21.4,0.2711,0.0475,21.4,0.4996,0.0469,21.4,0.545,0.0419,21.4,0.6391,0.0723
396,25.5,0.0858,0.0419,21.5,0.2694,0.0475,21.5,0.4978,0.0469,21.5,0.5433,0.0419,21.5,0.6377,0.0723
397,25.6,0.0854,0.0419,21.6,0.2678,0.0475,21.6,0.496,0.0469,21.6,0.5417,0.0419,21.6,0.6363,0.0723
398,25.7,0.0849,0.0419,21.7,0.2661,0.0475,21.7,0.4941,0.0469,21.7,0.54,0.0418,21.7,0.635,0.0723
399,25.8,0.0844,0.0419,21.8,0.2645,0.0475,21.8,0.4924,0.0469,21.8,0.5384,0.0418,21.8,0.6337,0.0723
400,25.9,0.0839,0.0418,21.9,0.2629,0.0475,21.9,0.4906,0.0469,21.9,0.5368,0.0418,21.9,0.6324,0.0723
401,26,0.0835,0.0418,22,0.2614,0.0475,22,0.4888,0.0469,22,0.5352,0.0418,22,0.6311,0.0723
402,26.1,0.083,0.0418,22.1,0.2598,0.0475,22.1,0.4871,0.0469,22.1,0.5336,0.0418,22.1,0.6298,0.0723
403,26.2,0.0826,0.0418,22.2,0.2583,0.0475,22.2,0.4853,0.0469,22.2,0.532,0.0418,22.2,0.6285,0.0723
404,26.3,0.0821,0.0418,22.3,0.2568,0.0475,22.3,0.4836,0.0469,22.3,0.5304,0.0418,22.3,0.6272,0.0723
405,26.4,0.0816,0.0418,22.4,0.2553,0.0475,22.4,0.4819,0.0469,22.4,0.5289,0.0418,22.4,0.626,0.0723
406,26.5,0.0812,0.0418,22.5,0.2539,0.0475,22.5,0.4803,0.0469,22.5,0.5273,0.0418,22.5,0.6247,0.0723
407,26.6,0.0807,0.0418,22.6,0.2525,0.0475,22.6,0.4786,0.0469,22.6,0.5258,0.0418,22.6,0.6235,0.0723
408,26.7,0.0803,0.0418,22.7,0.2511,0.0475,22.7,0.477,0.0469,22.7,0.5242,0.0418,22.7,0.6222,0.0723
409,26.8,0.0798,0.0417,22.8,0.2497,0.0475,22.8,0.4753,0.0469,22.8,0.5227,0.0418,22.8,0.621,0.0723
410,26.9,0.0794,0.0417,22.9,0.2483,0.0475,22.9,0.4737,0.0469,22.9,0.5212,0.0418,22.9,0.6198,0.0723
411,27,0.0789,0.0417,23,0.247,0.0475,23,0.4721,0.0469,23,0.5197,0.0418,23,0.6186,0.0723
412,27.1,0.0785,0.0417,23.1,0.2457,0.0475,23.1,0.4705,0.0469,23.1,0.5182,0.0418,23.1,0.6174,0.0723
413,27.2,0.0781,0.0417,23.2,0.2444,0.0475,23.2,0.4689,0.0469,23.2,0.5168,0.0418,23.2,0.6163,0.0723
414,27.3,0.0776,0.0417,23.3,0.2431,0.0475,23.3,0.4674,0.0469,23.3,0.5153,0.0418,23.3,0.6151,0.0723
415,27.4,0.0772,0.0417,23.4,0.2419,0.0475,23.4,0.4658,0.0469,23.4,0.5138,0.0418,23.4,0.6139,0.0723
416,27.5,0.0768,0.0417,23.5,0.2406,0.0475,23.5,0.4643,0.0469,23.5,0.5124,0.0418,23.5,0.6128,0.0723
417,27.6,0.0764,0.0417,23.6,0.2394,0.0475,23.6,0.4628,0.0469,23.6,0.511,0.0418,23.6,0.6117,0.0723
418,27.7,0.0759,0.0416,23.7,0.2382,0.0475,23.7,0.4613,0.0469,23.7,0.5095,0.0418,23.7,0.6105,0.0723
419,27.8,0.0755,0.0416,23.8,0.237,0.0475,23.8,0.4598,0.0469,23.8,0.5081,0.0418,23.8,0.6094,0.0723
420,27.9,0.0751,0.0416,23.9,0.2359,0.0475,23.9,0.4583,0.0469,23.9,0.5067,0.0418,23.9,0.6083,0.0723
421,28,0.0747,0.0416,24,0.2347,0.0475,24,0.4569,0.0469,24,0.5053,0.0418,24,0.6072,0.0723
422,28.1,0.0743,0.0416,24.1,0.2336,0.0475,24.1,0.4554,0.0469,24.1,0.5039,0.0418,24.1,0.6061,0.0723
423,28.2,0.0739,0.0416,24.2,0.2325,0.0475,24.2,0.454,0.0469,24.2,0.5025,0.0418,24.2,0.6051,0.0723
424,28.3,0.0735,0.0416,24.3,0.2314,0.0475,24.3,0.4526,0.0469,24.3,0.5012,0.0418,24.3,0.604,0.0723
425,28.4,0.0731,0.0416,24.4,0.2304,0.0475,24.4,0.4512,0.0469,24.4,0.4998,0.0418,24.4,0.6029,0.0723
426,28.5,0.0727,0.0416,24.5,0.2293,0.0474,24.5,0.4498,0.0469,24.5,0.4984,0.0418,24.5,0.6019,0.0723
427,28.6,0.0723,0.0415,24.6,0.2283,0.0474,24.6,0.4484,0.0469,24.6,0.4971,0.0418,24.6,0.6008,0.0723
428,28.7,0.0719,0.0415,24.7,0.2273,0.0474,24.7,0.4471,0.0469,24.7,0.4957,0.0418,24.7,0.5998,0.0723
429,28.8,0.0716,0.0415,24.8,0.2263,0.0474,24.8,0.4457,0.0469,24.8,0.4944,0.0418,24.8,0.5988,0.0723
430,28.9,0.0712,0.0415,24.9,0.2253,0.0474,24.9,0.4444,0.0469,24.9,0.4931,0.0418,24.9,0.5978,0.0723
431,29,0.0708,0.0415,25,0.2243,0.0474,25,0.443,0.0469,25,0.4918,0.0418,25,0.5967,0.0723
432,29.1,0.0705,0.0415,25.1,0.2234,0.0474,25.1,0.4417,0.0469,25.1,0.4905,0.0418,25.1,0.5957,0.0723
433,29.2,0.0701,0.0415,25.2,0.2224,0.0474,25.2,0.4404,0.0469,25.2,0.4892,0.0418,25.2,0.5947,0.0723
434,29.3,0.0697,0.0415,25.3,0.2215,0.0474,25.3,0.4391,0.0469,25.3,0.4879,0.0418,25.3,0.5938,0.0723
435,29.4,0.0694,0.0415,25.4,0.2206,0.0474,25.4,0.4379,0.0469,25.4,0.4866,0.0418,25.4,0.5928,0.0723
436,29.5,0.069,0.0415,25.5,0.2197,0.0474,25.5,0.4366,0.0469,25.5,0.4853,0.0418,25.5,0.5918,0.0723
437,29.6,0.0687,0.0415,25.6,0.2188,0.0474,25.6,0.4353,0.0469,25.6,0.484,0.0418,25.6,0.5908,0.0723
438,29.7,0.0684,0.0415,25.7,0.2179,0.0474,25.7,0.4341,0.0469,25.7,0.4827,0.0418,25.7,0.5899,0.0723
439,29.8,0.068,0.0415,25.8,0.2171,0.0474,25.8,0.4329,0.0469,25.8,0.4815,0.0418,25.8,0.5889,0.0723
440,29.9,0.0677,0.0415,25.9,0.2162,0.0474,25.9,0.4316,0.0469,25.9,0.4802,0.0418,25.9,0.588,0.0723
441,30,0.0674,0.0415,26,0.2154,0.0474,26,0.4304,0.0469,26,0.479,0.0418,26,0.587,0.0723
442,30.1,0.0671,0.0414,26.1,0.2146,0.0474,26.1,0.4292,0.0469,26.1,0.4777,0.0418,26.1,0.5861,0.0723
443,30.2,0.0667,0.0414,26.2,0.2138,0.0474,26.2,0.428,0.0469,26.2,0.4765,0.0418,26.2,0.5852,0.0723
444,30.3,0.0664,0.0414,26.3,0.213,0.0474,26.3,0.4268,0.0469,26.3,0.4753,0.0418,26.3,0.5843,0.0723
445,30.4,0.0661,0.0414,26.4,0.2122,0.0474,26.4,0.4257,0.0469,26.4,0.474,0.0418,26.4,0.5834,0.0723
446,30.5,0.0658,0.0414,26.5,0.2114,0.0474,26.5,0.4245,0.0469,26.5,0.4728,0.0418,26.5,0.5824,0.0723
447,30.6,0.0655,0.0414,26.6,0.2107,0.0474,26.6,0.4234,0.0469,26.6,0.4716,0.0418,26.6,0.5815,0.0723
448,30.7,0.0652,0.0414,26.7,0.2099,0.0474,26.7,0.4222,0.0469,26.7,0.4704,0.0418,26.7,0.5807,0.0723
449,30.8,0.0649,0.0414,26.8,0.2092,0.0474,26.8,0.4211,0.0469,26.8,0.4692,0.0418,26.8,0.5798,0.0723
450,30.9,0.0647,0.0414,26.9,0.2084,0.0474,26.9,0.42,0.0469,26.9,0.468,0.0418,26.9,0.5789,0.0723
451,31,0.0644,0.0414,27,0.2077,0.0474,27,0.4189,0.0469,27,0.4668,0.0418,27,0.578,0.0723
452,31.1,0.0641,0.0414,27.1,0.207,0.0474,27.1,0.4178,0.0469,27.1,0.4656,0.0418,27.1,0.5771,0.0723
453,31.2,0.0638,0.0414,27.2,0.2063,0.0474,27.2,0.4167,0.0469,27.2,0.4644,0.0418,27.2,0.5762,0.0723
454,31.3,0.0635,0.0414,27.3,0.2056,0.0474,27.3,0.4156,0.0469,27.3,0.4632,0.0418,27.3,0.5754,0.0724
455,31.4,0.0633,0.0414,27.4,0.2049,0.0474,27.4,0.4145,0.0469,27.4,0.4621,0.0418,27.4,0.5745,0.0724
456,31.5,0.063,0.0414,27.5,0.2043,0.0474,27.5,0.4134,0.0469,27.5,0.4609,0.0418,27.5,0.5737,0.0724
457,31.6,0.0628,0.0414,27.6,0.2036,0.0474,27.6,0.4124,0.0469,27.6,0.4597,0.0418,27.6,0.5728,0.0724
458,31.7,0.0625,0.0414,27.7,0.2029,0.0474,27.7,0.4113,0.0469,27.7,0.4586,0.0418,27.7,0.572,0.0724
459,31.8,0.0623,0.0414,27.8,0.2023,0.0474,27.8,0.4103,0.0469,27.8,0.4574,0.0418,27.8,0.5711,0.0724
460,31.9,0.062,0.0414,27.9,0.2016,0.0474,27.9,0.4092,0.0469,27.9,0.4562,0.0418,27.9,0.5703,0.0724
461,32,0.0618,0.0414,28,0.201,0.0474,28,0.4082,0.0469,28,0.4551,0.0418,28,0.5694,0.0724
462,32.1,0.0615,0.0414,28.1,0.2004,0.0474,28.1,0.4072,0.0469,28.1,0.4539,0.0419,28.1,0.5686,0.0724
463,32.2,0.0613,0.0414,28.2,0.1997,0.0474,28.2,0.4062,0.0469,28.2,0.4528,0.0419,28.2,0.5678,0.0724
464,32.3,0.0611,0.0414,28.3,0.1991,0.0474,28.3,0.4052,0.0469,28.3,0.4517,0.0419,28.3,0.567,0.0724
465,32.4,0.0608,0.0414,28.4,0.1985,0.0474,28.4,0.4042,0.0469,28.4,0.4505,0.0419,28.4,0.5661,0.0724
466,32.5,0.0606,0.0414,28.5,0.1979,0.0474,28.5,0.4032,0.0469,28.5,0.4494,0.0419,28.5,0.5653,0.0724
467,32.6,0.0604,0.0414,28.6,0.1973,0.0474,28.6,0.4022,0.0469,28.6,0.4483,0.0419,28.6,0.5645,0.0724
468,32.7,0.0602,0.0414,28.7,0.1967,0.0474,28.7,0.4012,0.0469,28.7,0.4471,0.0419,28.7,0.5637,0.0724
469,32.8,0.0599,0.0414,28.8,0.1962,0.0474,28.8,0.4002,0.0469,28.8,0.446,0.0419,28.8,0.5629,0.0724
470,32.9,0.0597,0.0414,28.9,0.1956,0.0474,28.9,0.3993,0.0469,28.9,0.4449,0.0419,28.9,0.5621,0.0724
471,33,0.0595,0.0414,29,0.195,0.0474,29,0.3983,0.0469,29,0.4438,0.0419,29,0.5613,0.0724
472,33.1,0.0593,0.0414,29.1,0.1944,0.0474,29.1,0.3974,0.0469,29.1,0.4427,0.0419,29.1,0.5605,0.0724
473,33.2,0.0591,0.0414,29.2,0.1939,0.0474,29.2,0.3964,0.0469,29.2,0.4415,0.0419,29.2,0.5597,0.0724
474,33.3,0.0589,0.0414,29.3,0.1933,0.0474,29.3,0.3955,0.0469,29.3,0.4404,0.0419,29.3,0.5589,0.0724
475,33.4,0.0587,0.0414,29.4,0.1928,0.0474,29.4,0.3946,0.0469,29.4,0.4393,0.0419,29.4,0.5581,0.0724
476,33.5,0.0585,0.0414,29.5,0.1922,0.0474,29.5,0.3936,0.0469,29.5,0.4382,0.0419,29.5,0.5573,0.0724
477,33.6,0.0583,0.0414,29.6,0.1917,0.0474,29.6,0.3927,0.0469,29.6,0.4371,0.0419,29.6,0.5565,0.0724
478,33.7,0.0581,0.0414,29.7,0.1911,0.0474,29.7,0.3918,0.0469,29.7,0.436,0.0419,29.7,0.5557,0.0724
479,33.8,0.0579,0.0414,29.8,0.1906,0.0474,29.8,0.3909,0.0469,29.8,0.4349,0.0419,29.8,0.5549,0.0724
480,33.9,0.0577,0.0414,29.9,0.19,0.0474,29.9,0.39,0.0469,29.9,0.4338,0.0419,29.9,0.5541,0.0724
481,34,0.0575,0.0414,30,0.1895,0.0475,30,0.3891,0.0469,30,0.4327,0.0419,30,0.5533,0.0724
482,34.1,0.0573,0.0414,30.1,0.189,0.0475,30.1,0.3882,0.0469,30.1,0.4316,0.0419,30.1,0.5525,0.0724
483,34.2,0.0571,0.0414,30.2,0.1885,0.0475,30.2,0.3873,0.0469,30.2,0.4306,0.0419,30.2,0.5517,0.0724
484,34.3,0.057,0.0414,30.3,0.1879,0.0475,30.3,0.3864,0.0469,30.3,0.4295,0.0419,30.3,0.5509,0.0724
485,34.4,0.0568,0.0414,30.4,0.1874,0.0475,30.4,0.3855,0.0469,30.4,0.4284,0.0419,30.4,0.5501,0.0724
486,34.5,0.0566,0.0415,30.5,0.1869,0.0475,30.5,0.3846,0.0469,30.5,0.4273,0.0419,30.5,0.5494,0.0724
487,34.6,0.0564,0.0415,30.6,0.1864,0.0475,30.6,0.3838,0.0469,30.6,0.4262,0.0419,30.6,0.5486,0.0724
488,34.7,0.0562,0.0415,30.7,0.1859,0.0475,30.7,0.3829,0.0469,30.7,0.4251,0.0419,30.7,0.5478,0.0724
489,34.8,0.056,0.0415,30.8,0.1854,0.0475,30.8,0.382,0.0469,30.8,0.4241,0.0419,30.8,0.547,0.0724
490,34.9,0.0559,0.0415,30.9,0.1849,0.0475,30.9,0.3812,0.0469,30.9,0.423,0.0419,30.9,0.5462,0.0724
491,35,0.0557,0.0415,31,0.1844,0.0475,31,0.3803,0.0469,31,0.4219,0.0419,31,0.5454,0.0724
492,35.1,0.0555,0.0415,31.1,0.1839,0.0475,31.1,0.3795,0.0469,31.1,0.4208,0.0419,31.1,0.5446,0.0724
493,35.2,0.0553,0.0415,31.2,0.1834,0.0475,31.2,0.3786,0.0469,31.2,0.4198,0.0419,31.2,0.5438,0.0724
494,35.3,0.0551,0.0415,31.3,0.1829,0.0475,31.3,0.3778,0.0469,31.3,0.4187,0.0419,31.3,0.5431,0.0724
495,35.4,0.055,0.0415,31.4,0.1824,0.0475,31.4,0.377,0.0469,31.4,0.4176,0.0419,31.4,0.5423,0.0724
496,35.5,0.0548,0.0415,31.5,0.1819,0.0475,31.5,0.3761,0.0469,31.5,0.4166,0.0419,31.5,0.5415,0.0724
497,35.6,0.0546,0.0415,31.6,0.1814,0.0475,31.6,0.3753,0.0469,31.6,0.4155,0.0419,31.6,0.5407,0.0724
498,35.7,0.0544,0.0415,31.7,0.1809,0.0475,31.7,0.3745,0.0469,31.7,0.4144,0.0419,31.7,0.5399,0.0724
499,35.8,0.0542,0.0415,31.8,0.1804,0.0475,31.8,0.3737,0.0469,31.8,0.4134,0.0419,31.8,0.5391,0.0724
500,35.9,0.0541,0.0415,31.9,0.1799,0.0475,31.9,0.3728,0.0469,31.9,0.4123,0.0419,31.9,0.5383,0.0724
501,36,0.0539,0.0415,32,0.1794,0.0475,32,0.372,0.0469,32,0.4113,0.0419,32,0.5375,0.0724
502,36.1,0.0537,0.0415,32.1,0.1789,0.0475,32.1,0.3712,0.0469,32.1,0.4102,0.0419,32.1,0.5367,0.0724
503,36.2,0.0535,0.0415,32.2,0.1784,0.0475,32.2,0.3704,0.0469,32.2,0.4092,0.0419,32.2,0.5359,0.0724
504,36.3,0.0534,0.0416,32.3,0.1779,0.0475,32.3,0.3696,0.0469,32.3,0.4081,0.0419,32.3,0.5351,0.0724
505,36.4,0.0532,0.0416,32.4,0.1774,0.0475,32.4,0.3688,0.0469,32.4,0.407,0.0419,32.4,0.5343,0.0724
506,36.5,0.053,0.0416,32.5,0.177,0.0475,32.5,0.368,0.0469,32.5,0.406,0.0419,32.5,0.5335,0.0724
507,36.6,0.0528,0.0416,32.6,0.1765,0.0475,32.6,0.3672,0.0469,32.6,0.4049,0.0419,32.6,0.5327,0.0724
508,36.7,0.0526,0.0416,32.7,0.176,0.0475,32.7,0.3664,0.0469,32.7,0.4039,0.0419,32.7,0.5319,0.0724
509,36.8,0.0525,0.0416,32.8,0.1755,0.0475,32.8,0.3656,0.0469,32.8,0.4028,0.0419,32.8,0.5311,0.0724
510,36.9,0.0523,0.0417,32.9,0.175,0.0475,32.9,0.3648,0.0469,32.9,0.4018,0.0419,32.9,0.5303,0.0724
511,37,0.0521,0.0417,33,0.1745,0.0475,33,0.364,0.0469,33,0.4008,0.0419,33,0.5294,0.0724
512,37.1,0.0519,0.0417,33.1,0.174,0.0475,33.1,0.3633,0.0469,33.1,0.3997,0.0419,33.1,0.5286,0.0724
513,37.2,0.0517,0.0417,33.2,0.1736,0.0475,33.2,0.3625,0.0469,33.2,0.3987,0.0419,33.2,0.5278,0.0724
514,37.3,0.0516,0.0418,33.3,0.1731,0.0475,33.3,0.3617,0.0469,33.3,0.3976,0.0419,33.3,0.527,0.0725
515,37.4,0.0514,0.0418,33.4,0.1726,0.0475,33.4,0.3609,0.0469,33.4,0.3966,0.0419,33.4,0.5261,0.0725
516,37.5,0.0512,0.0418,33.5,0.1721,0.0475,33.5,0.3601,0.0469,33.5,0.3956,0.0419,33.5,0.5253,0.0725
517,37.6,0.051,0.0419,33.6,0.1716,0.0475,33.6,0.3594,0.0469,33.6,0.3945,0.0419,33.6,0.5245,0.0725
518,37.7,0.0508,0.0419,33.7,0.1711,0.0475,33.7,0.3586,0.0469,33.7,0.3935,0.0419,33.7,0.5236,0.0725
519,37.8,0.0507,0.0419,33.8,0.1706,0.0476,33.8,0.3578,0.0469,33.8,0.3924,0.0419,33.8,0.5228,0.0725
520,37.9,0.0505,0.042,33.9,0.1702,0.0476,33.9,0.3571,0.0469,33.9,0.3914,0.0419,33.9,0.522,0.0725
521,38,0.0503,0.042,34,0.1697,0.0476,34,0.3563,0.0469,34,0.3904,0.0419,34,0.5211,0.0725
522,38.1,0.0501,0.0421,34.1,0.1692,0.0476,34.1,0.3556,0.0469,34.1,0.3893,0.0419,34.1,0.5203,0.0725
523,38.2,0.0499,0.0421,34.2,0.1687,0.0476,34.2,0.3548,0.0469,34.2,0.3883,0.0419,34.2,0.5194,0.0725
524,38.3,0.0498,0.0422,34.3,0.1682,0.0476,34.3,0.3541,0.0469,34.3,0.3873,0.0419,34.3,0.5186,0.0725
525,38.4,0.0496,0.0422,34.4,0.1677,0.0476,34.4,0.3533,0.0469,34.4,0.3863,0.0419,34.4,0.5177,0.0725
526,38.5,0.0494,0.0423,34.5,0.1673,0.0476,34.5,0.3525,0.0469,34.5,0.3852,0.0419,34.5,0.5168,0.0725
527,38.6,0.0492,0.0424,34.6,0.1668,0.0476,34.6,0.3518,0.0469,34.6,0.3842,0.0419,34.6,0.516,0.0725
528,38.7,0.0491,0.0424,34.7,0.1663,0.0476,34.7,0.3511,0.0469,34.7,0.3832,0.0419,34.7,0.5151,0.0725
529,38.8,0.0489,0.0425,34.8,0.1658,0.0476,34.8,0.3503,0.0469,34.8,0.3822,0.0419,34.8,0.5142,0.0726
530,38.9,0.0487,0.0426,34.9,0.1653,0.0476,34.9,0.3496,0.0469,34.9,0.3812,0.0419,34.9,0.5134,0.0726
531,39,0.0485,0.0426,35,0.1648,0.0476,35,0.3488,0.0469,35,0.3801,0.0419,35,0.5125,0.0726
532,39.1,0.0484,0.0427,35.1,0.1644,0.0476,35.1,0.3481,0.0469,35.1,0.3791,0.0419,35.1,0.5116,0.0726
533,39.2,0.0482,0.0428,35.2,0.1639,0.0476,35.2,0.3474,0.0469,35.2,0.3781,0.0419,35.2,0.5107,0.0726
534,39.3,0.048,0.0429,35.3,0.1634,0.0476,35.3,0.3466,0.0469,35.3,0.3771,0.0419,35.3,0.5098,0.0726
535,39.4,0.0479,0.0429,35.4,0.1629,0.0476,35.4,0.3459,0.0469,35.4,0.3761,0.042,35.4,0.5089,0.0726
536,39.5,0.0477,0.043,35.5,0.1624,0.0476,35.5,0.3452,0.0469,35.5,0.3751,0.042,35.5,0.508,0.0726
537,39.6,0.0475,0.0431,35.6,0.1619,0.0476,35.6,0.3444,0.0469,35.6,0.3741,0.042,35.6,0.5071,0.0726
538,39.7,0.0474,0.0432,35.7,0.1614,0.0476,35.7,0.3437,0.0469,35.7,0.3731,0.042,35.7,0.5062,0.0726
539,39.8,0.0472,0.0433,35.8,0.161,0.0476,35.8,0.343,0.0469,35.8,0.3721,0.042,35.8,0.5053,0.0727
540,39.9,0.0471,0.0434,35.9,0.1605,0.0476,35.9,0.3423,0.0469,35.9,0.3711,0.042,35.9,0.5044,0.0727
541,40,0.0469,0.0435,36,0.16,0.0476,36,0.3415,0.0469,36,0.3701,0.042,36,0.5034,0.0727
542,40.1,0.0468,0.0436,36.1,0.1595,0.0476,36.1,0.3408,0.0469,36.1,0.3691,0.042,36.1,0.5025,0.0727
543,40.2,0.0466,0.0437,36.2,0.159,0.0476,36.2,0.3401,0.0469,36.2,0.3681,0.042,36.2,0.5016,0.0727
544,40.3,0.0465,0.0438,36.3,0.1586,0.0476,36.3,0.3394,0.0469,36.3,0.3671,0.042,36.3,0.5006,0.0727
545,40.4,0.0463,0.0439,36.4,0.1581,0.0476,36.4,0.3387,0.047,36.4,0.3661,0.042,36.4,0.4997,0.0727
546,40.5,0.0462,0.0441,36.5,0.1576,0.0476,36.5,0.338,0.047,36.5,0.3651,0.042,36.5,0.4988,0.0727
547,40.6,0.0461,0.0442,36.6,0.1571,0.0476,36.6,0.3372,0.047,36.6,0.3641,0.042,36.6,0.4978,0.0728
548,40.7,0.0459,0.0443,36.7,0.1566,0.0476,36.7,0.3365,0.047,36.7,0.3631,0.042,36.7,0.4969,0.0728
549,40.8,0.0458,0.0444,36.8,0.1562,0.0476,36.8,0.3358,0.047,36.8,0.3622,0.042,36.8,0.4959,0.0728
550,40.9,0.0457,0.0445,36.9,0.1557,0.0476,36.9,0.3351,0.047,36.9,0.3612,0.042,36.9,0.4949,0.0728
551,41,0.0456,0.0447,37,0.1552,0.0476,37,0.3344,0.047,37,0.3602,0.042,37,0.494,0.0728
552,41.1,0.0455,0.0448,37.1,0.1547,0.0476,37.1,0.3337,0.047,37.1,0.3592,0.042,37.1,0.493,0.0728
553,41.2,0.0454,0.0449,37.2,0.1543,0.0476,37.2,0.333,0.047,37.2,0.3583,0.042,37.2,0.492,0.0728
554,41.3,0.0453,0.045,37.3,0.1538,0.0476,37.3,0.3323,0.047,37.3,0.3573,0.042,37.3,0.491,0.0728
555,41.4,0.0452,0.0452,37.4,0.1533,0.0476,37.4,0.3316,0.047,37.4,0.3563,0.042,37.4,0.49,0.0729
556,41.5,0.0451,0.0453,37.5,0.1529,0.0476,37.5,0.3309,0.047,37.5,0.3554,0.042,37.5,0.489,0.0729
557,41.6,0.045,0.0454,37.6,0.1524,0.0476,37.6,0.3303,0.047,37.6,0.3544,0.042,37.6,0.488,0.0729
558,41.7,0.045,0.0456,37.7,0.1519,0.0476,37.7,0.3296,0.047,37.7,0.3535,0.042,37.7,0.487,0.0729
559,41.8,0.0449,0.0457,37.8,0.1515,0.0476,37.8,0.3289,0.047,37.8,0.3525,0.042,37.8,0.486,0.0729
560,41.9,0.0448,0.0458,37.9,0.151,0.0476,37.9,0.3282,0.047,37.9,0.3516,0.042,37.9,0.485,0.0729
561,42,0.0448,0.046,38,0.1506,0.0476,38,0.3275,0.047,38,0.3506,0.042,38,0.484,0.0729
562,42.1,0.0447,0.0461,38.1,0.1501,0.0476,38.1,0.3268,0.047,38.1,0.3497,0.042,38.1,0.483,0.073
563,42.2,0.0447,0.0462,38.2,0.1496,0.0476,38.2,0.3262,0.047,38.2,0.3487,0.042,38.2,0.482,0.073
564,42.3,0.0447,0.0464,38.3,0.1492,0.0476,38.3,0.3255,0.047,38.3,0.3478,0.042,38.3,0.4809,0.073
565,42.4,0.0447,0.0465,38.4,0.1487,0.0476,38.4,0.3248,0.047,38.4,0.3468,0.042,38.4,0.4799,0.073
566,42.5,0.0447,0.0466,38.5,0.1483,0.0476,38.5,0.3241,0.047,38.5,0.3459,0.042,38.5,0.4788,0.073
567,42.6,0.0447,0.0468,38.6,0.1478,0.0476,38.6,0.3235,0.047,38.6,0.345,0.042,38.6,0.4778,0.073
568,42.7,0.0447,0.0469,38.7,0.1474,0.0476,38.7,0.3228,0.047,38.7,0.3441,0.042,38.7,0.4767,0.0731
569,42.8,0.0447,0.047,38.8,0.1469,0.0476,38.8,0.3221,0.047,38.8,0.3431,0.042,38.8,0.4757,0.0731
570,42.9,0.0447,0.0472,38.9,0.1465,0.0476,38.9,0.3215,0.0471,38.9,0.3422,0.042,38.9,0.4746,0.0731
571,43,0.0448,0.0473,39,0.1461,0.0476,39,0.3208,0.0471,39,0.3413,0.0421,39,0.4736,0.0731
572,43.1,0.0448,0.0474,39.1,0.1456,0.0476,39.1,0.3201,0.0471,39.1,0.3404,0.0421,39.1,0.4725,0.0731
573,43.2,0.0449,0.0475,39.2,0.1452,0.0476,39.2,0.3195,0.0471,39.2,0.3395,0.0421,39.2,0.4714,0.0731
574,43.3,0.0449,0.0477,39.3,0.1448,0.0476,39.3,0.3188,0.0471,39.3,0.3386,0.0421,39.3,0.4703,0.0731
575,43.4,0.045,0.0478,39.4,0.1444,0.0476,39.4,0.3182,0.0471,39.4,0.3377,0.0421,39.4,0.4693,0.0732
576,43.5,0.0451,0.0479,39.5,0.1439,0.0476,39.5,0.3175,0.0471,39.5,0.3368,0.0421,39.5,0.4682,0.0732
577,43.6,0.0452,0.048,39.6,0.1435,0.0476,39.6,0.3169,0.0471,39.6,0.3359,0.0421,39.6,0.4671,0.0732
578,43.7,0.0453,0.0482,39.7,0.1431,0.0476,39.7,0.3162,0.0471,39.7,0.335,0.0421,39.7,0.466,0.0732
579,43.8,0.0454,0.0483,39.8,0.1427,0.0476,39.8,0.3156,0.0471,39.8,0.3341,0.0421,39.8,0.4649,0.0732
580,43.9,0.0456,0.0484,39.9,0.1423,0.0476,39.9,0.315,0.0471,39.9,0.3333,0.0421,39.9,0.4638,0.0732
581,44,0.0457,0.0485,40,0.1419,0.0476,40,0.3143,0.0471,40,0.3324,0.0421,40,0.4626,0.0733
582,44.1,0.0459,0.0486,40.1,0.1415,0.0476,40.1,0.3137,0.0471,40.1,0.3315,0.0421,40.1,0.4615,0.0733
583,44.2,0.046,0.0487,40.2,0.1411,0.0476,40.2,0.3131,0.0471,40.2,0.3307,0.0421,40.2,0.4604,0.0733
584,44.3,0.0462,0.0488,40.3,0.1407,0.0476,40.3,0.3124,0.0471,40.3,0.3298,0.0421,40.3,0.4593,0.0733
585,44.4,0.0464,0.0489,40.4,0.1403,0.0476,40.4,0.3118,0.0471,40.4,0.3289,0.0421,40.4,0.4581,0.0733
586,44.5,0.0466,0.049,40.5,0.1399,0.0476,40.5,0.3112,0.0471,40.5,0.3281,0.0421,40.5,0.457,0.0733
587,44.6,0.0468,0.0491,40.6,0.1395,0.0476,40.6,0.3106,0.0471,40.6,0.3272,0.0421,40.6,0.4559,0.0733
588,44.7,0.0471,0.0492,40.7,0.1392,0.0476,40.7,0.31,0.0471,40.7,0.3264,0.0421,40.7,0.4547,0.0734
589,44.8,0.0473,0.0493,40.8,0.1388,0.0476,40.8,0.3093,0.0471,40.8,0.3256,0.0421,40.8,0.4536,0.0734
590,44.9,0.0476,0.0494,40.9,0.1384,0.0476,40.9,0.3087,0.0472,40.9,0.3247,0.0421,40.9,0.4524,0.0734
591,45,0.0478,0.0495,41,0.1381,0.0477,41,0.3081,0.0472,41,0.3239,0.0421,41,0.4513,0.0734
592,45.1,0.0481,0.0496,41.1,0.1377,0.0477,41.1,0.3075,0.0472,41.1,0.3231,0.0421,41.1,0.4501,0.0734
593,45.2,0.0484,0.0496,41.2,0.1373,0.0477,41.2,0.3069,0.0472,41.2,0.3223,0.0421,41.2,0.4489,0.0734
594,45.3,0.0487,0.0497,41.3,0.137,0.0477,41.3,0.3063,0.0472,41.3,0.3215,0.0421,41.3,0.4478,0.0734
595,45.4,0.049,0.0498,41.4,0.1367,0.0477,41.4,0.3057,0.0472,41.4,0.3207,0.0421,41.4,0.4466,0.0735
596,45.5,0.0494,0.0498,41.5,0.1363,0.0477,41.5,0.3051,0.0472,41.5,0.3199,0.0421,41.5,0.4454,0.0735
597,45.6,0.0497,0.0499,41.6,0.136,0.0477,41.6,0.3045,0.0472,41.6,0.3191,0.0421,41.6,0.4442,0.0735
598,45.7,0.0501,0.05,41.7,0.1357,0.0477,41.7,0.304,0.0472,41.7,0.3183,0.0421,41.7,0.443,0.0735
599,45.8,0.0504,0.05,41.8,0.1353,0.0477,41.8,0.3034,0.0472,41.8,0.3175,0.0421,41.8,0.4419,0.0735
600,45.9,0.0508,0.0501,41.9,0.135,0.0477,41.9,0.3028,0.0472,41.9,0.3167,0.0422,41.9,0.4407,0.0735
601,46,0.0512,0.0501,42,0.1347,0.0477,42,0.3022,0.0472,42,0.3159,0.0422,42,0.4395,0.0735
602,46.1,0.0516,0.0502,42.1,0.1344,0.0477,42.1,0.3016,0.0472,42.1,0.3152,0.0422,42.1,0.4383,0.0735
603,46.2,0.052,0.0502,42.2,0.1341,0.0477,42.2,0.3011,0.0472,42.2,0.3144,0.0422,42.2,0.4371,0.0736
604,46.3,0.0525,0.0503,42.3,0.1338,0.0477,42.3,0.3005,0.0472,42.3,0.3136,0.0422,42.3,0.4358,0.0736
605,46.4,0.0529,0.0503,42.4,0.1335,0.0477,42.4,0.2999,0.0472,42.4,0.3129,0.0422,42.4,0.4346,0.0736
606,46.5,0.0534,0.0503,42.5,0.1332,0.0477,42.5,0.2994,0.0472,42.5,0.3121,0.0422,42.5,0.4334,0.0736
607,46.6,0.0538,0.0504,42.6,0.133,0.0478,42.6,0.2988,0.0472,42.6,0.3114,0.0422,42.6,0.4322,0.0736
608,46.7,0.0543,0.0504,42.7,0.1327,0.0478,42.7,0.2983,0.0472,42.7,0.3107,0.0422,42.7,0.431,0.0736
609,46.8,0.0548,0.0504,42.8,0.1324,0.0478,42.8,0.2977,0.0472,42.8,0.3099,0.0422,42.8,0.4298,0.0736
610,46.9,0.0553,0.0504,42.9,0.1322,0.0478,42.9,0.2972,0.0472,42.9,0.3092,0.0422,42.9,0.4285,0.0736
611,47,0.0558,0.0505,43,0.1319,0.0478,43,0.2966,0.0472,43,0.3085,0.0422,43,0.4273,0.0736
612,47.1,0.0563,0.0505,43.1,0.1317,0.0478,43.1,0.2961,0.0473,43.1,0.3078,0.0422,43.1,0.4261,0.0737
613,47.2,0.0569,0.0505,43.2,0.1315,0.0478,43.2,0.2956,0.0473,43.2,0.3071,0.0422,43.2,0.4248,0.0737
614,47.3,0.0574,0.0505,43.3,0.1312,0.0478,43.3,0.295,0.0473,43.3,0.3064,0.0422,43.3,0.4236,0.0737
615,47.4,0.058,0.0505,43.4,0.131,0.0478,43.4,0.2945,0.0473,43.4,0.3057,0.0422,43.4,0.4223,0.0737
616,47.5,0.0585,0.0505,43.5,0.1308,0.0478,43.5,0.294,0.0473,43.5,0.305,0.0422,43.5,0.4211,0.0737
617,47.6,0.0591,0.0505,43.6,0.1306,0.0478,43.6,0.2935,0.0473,43.6,0.3043,0.0422,43.6,0.4198,0.0737
618,47.7,0.0597,0.0505,43.7,0.1304,0.0478,43.7,0.293,0.0473,43.7,0.3036,0.0422,43.7,0.4186,0.0737
619,47.8,0.0602,0.0505,43.8,0.1302,0.0478,43.8,0.2924,0.0473,43.8,0.303,0.0422,43.8,0.4173,0.0737
620,47.9,0.0608,0.0505,43.9,0.13,0.0479,43.9,0.2919,0.0473,43.9,0.3023,0.0422,43.9,0.4161,0.0737
621,48,0.0614,0.0505,44,0.1298,0.0479,44,0.2914,0.0473,44,0.3017,0.0422,44,0.4148,0.0737
622,48.1,0.062,0.0505,44.1,0.1296,0.0479,44.1,0.2909,0.0473,44.1,0.301,0.0422,44.1,0.4135,0.0737
623,48.2,0.0626,0.0505,44.2,0.1295,0.0479,44.2,0.2904,0.0473,44.2,0.3004,0.0422,44.2,0.4123,0.0737
624,48.3,0.0633,0.0505,44.3,0.1293,0.0479,44.3,0.29,0.0473,44.3,0.2997,0.0422,44.3,0.411,0.0738
625,48.4,0.0639,0.0504,44.4,0.1291,0.0479,44.4,0.2895,0.0473,44.4,0.2991,0.0422,44.4,0.4098,0.0738
626,48.5,0.0645,0.0504,44.5,0.129,0.0479,44.5,0.289,0.0473,44.5,0.2985,0.0422,44.5,0.4085,0.0738
627,48.6,0.0651,0.0504,44.6,0.1289,0.0479,44.6,0.2885,0.0473,44.6,0.2979,0.0422,44.6,0.4072,0.0738
628,48.7,0.0658,0.0504,44.7,0.1287,0.0479,44.7,0.288,0.0473,44.7,0.2973,0.0422,44.7,0.4059,0.0738
629,48.8,0.0664,0.0504,44.8,0.1286,0.0479,44.8,0.2876,0.0473,44.8,0.2966,0.0422,44.8,0.4047,0.0738
630,48.9,0.067,0.0504,44.9,0.1285,0.0479,44.9,0.2871,0.0473,44.9,0.296,0.0422,44.9,0.4034,0.0738
631,49,0.0677,0.0503,45,0.1284,0.048,45,0.2866,0.0473,45,0.2955,0.0422,45,0.4021,0.0738
632,49.1,0.0683,0.0503,45.1,0.1283,0.048,45.1,0.2862,0.0473,45.1,0.2949,0.0422,45.1,0.4008,0.0738
633,49.2,0.0689,0.0503,45.2,0.1282,0.048,45.2,0.2857,0.0473,45.2,0.2943,0.0422,45.2,0.3995,0.0738
634,49.3,0.0696,0.0503,45.3,0.1281,0.048,45.3,0.2853,0.0473,45.3,0.2937,0.0422,45.3,0.3983,0.0738
635,49.4,0.0702,0.0502,45.4,0.128,0.048,45.4,0.2848,0.0473,45.4,0.2932,0.0422,45.4,0.397,0.0738
636,49.5,0.0708,0.0502,45.5,0.1279,0.048,45.5,0.2844,0.0473,45.5,0.2926,0.0422,45.5,0.3957,0.0738
637,49.6,0.0715,0.0502,45.6,0.1279,0.048,45.6,0.2839,0.0473,45.6,0.292,0.0422,45.6,0.3944,0.0738
638,49.7,0.0721,0.0501,45.7,0.1278,0.048,45.7,0.2835,0.0473,45.7,0.2915,0.0422,45.7,0.3931,0.0738
639,49.8,0.0727,0.0501,45.8,0.1278,0.048,45.8,0.2831,0.0473,45.8,0.291,0.0422,45.8,0.3918,0.0738
640,49.9,0.0733,0.0501,45.9,0.1277,0.048,45.9,0.2827,0.0473,45.9,0.2904,0.0422,45.9,0.3905,0.0738
641,50,0.0739,0.0501,46,0.1277,0.048,46,0.2822,0.0473,46,0.2899,0.0422,46,0.3892,0.0738
642,,,,46.1,0.1277,0.048,46.1,0.2818,0.0473,46.1,0.2894,0.0422,46.1,0.3879,0.0738
643,,,,46.2,0.1276,0.0481,46.2,0.2814,0.0473,46.2,0.2889,0.0422,46.2,0.3867,0.0738
644,,,,46.3,0.1276,0.0481,46.3,0.281,0.0473,46.3,0.2884,0.0422,46.3,0.3854,0.0738
645,,,,46.4,0.1276,0.0481,46.4,0.2806,0.0473,46.4,0.2879,0.0422,46.4,0.3841,0.0738
646,,,,46.5,0.1276,0.0481,46.5,0.2802,0.0473,46.5,0.2874,0.0422,46.5,0.3828,0.0738
647,,,,46.6,0.1276,0.0481,46.6,0.2798,0.0473,46.6,0.2869,0.0422,46.6,0.3815,0.0738
648,,,,46.7,0.1276,0.0481,46.7,0.2794,0.0473,46.7,0.2864,0.0422,46.7,0.3802,0.0738
649,,,,46.8,0.1277,0.0481,46.8,0.279,0.0473,46.8,0.2859,0.0422,46.8,0.3789,0.0738
650,,,,46.9,0.1277,0.0481,46.9,0.2787,0.0473,46.9,0.2855,0.0422,46.9,0.3776,0.0738
651,,,,47,0.1277,0.0481,47,0.2783,0.0473,47,0.285,0.0422,47,0.3763,0.0738
652,,,,47.1,0.1278,0.0481,47.1,0.2779,0.0473,47.1,0.2846,0.0422,47.1,0.375,0.0738
653,,,,47.2,0.1278,0.0481,47.2,0.2775,0.0473,47.2,0.2841,0.0422,47.2,0.3737,0.0738
654,,,,47.3,0.1279,0.0481,47.3,0.2772,0.0473,47.3,0.2837,0.0422,47.3,0.3724,0.0738
655,,,,47.4,0.128,0.0481,47.4,0.2768,0.0473,47.4,0.2832,0.0422,47.4,0.3712,0.0738
656,,,,47.5,0.128,0.0482,47.5,0.2764,0.0473,47.5,0.2828,0.0422,47.5,0.3699,0.0738
657,,,,47.6,0.1281,0.0482,47.6,0.2761,0.0473,47.6,0.2824,0.0422,47.6,0.3686,0.0738
658,,,,47.7,0.1282,0.0482,47.7,0.2758,0.0473,47.7,0.282,0.0422,47.7,0.3673,0.0738
659,,,,47.8,0.1283,0.0482,47.8,0.2754,0.0473,47.8,0.2816,0.0422,47.8,0.366,0.0738
660,,,,47.9,0.1284,0.0482,47.9,0.2751,0.0473,47.9,0.2812,0.0422,47.9,0.3647,0.0738
661,,,,48,0.1285,0.0482,48,0.2747,0.0473,48,0.2808,0.0422,48,0.3634,0.0738
662,,,,48.1,0.1286,0.0482,48.1,0.2744,0.0473,48.1,0.2804,0.0422,48.1,0.3621,0.0738
663,,,,48.2,0.1287,0.0482,48.2,0.2741,0.0473,48.2,0.28,0.0422,48.2,0.3609,0.0738
664,,,,48.3,0.1289,0.0482,48.3,0.2737,0.0473,48.3,0.2796,0.0422,48.3,0.3596,0.0738
665,,,,48.4,0.129,0.0482,48.4,0.2734,0.0473,48.4,0.2793,0.0422,48.4,0.3583,0.0738
666,,,,48.5,0.1291,0.0482,48.5,0.2731,0.0473,48.5,0.2789,0.0422,48.5,0.357,0.0738
667,,,,48.6,0.1293,0.0482,48.6,0.2728,0.0473,48.6,0.2785,0.0422,48.6,0.3558,0.0738
668,,,,48.7,0.1295,0.0482,48.7,0.2725,0.0473,48.7,0.2782,0.0422,48.7,0.3545,0.0738
669,,,,48.8,0.1296,0.0482,48.8,0.2722,0.0473,48.8,0.2778,0.0422,48.8,0.3532,0.0738
670,,,,48.9,0.1298,0.0482,48.9,0.2719,0.0473,48.9,0.2775,0.0422,48.9,0.3519,0.0738
671,,,,49,0.13,0.0482,49,0.2716,0.0473,49,0.2772,0.0422,49,0.3507,0.0738
672,,,,49.1,0.1301,0.0482,49.1,0.2713,0.0473,49.1,0.2768,0.0422,49.1,0.3494,0.0738
673,,,,49.2,0.1303,0.0483,49.2,0.271,0.0473,49.2,0.2765,0.0422,49.2,0.3481,0.0738
674,,,,49.3,0.1305,0.0483,49.3,0.2707,0.0473,49.3,0.2762,0.0422,49.3,0.3469,0.0738
675,,,,49.4,0.1307,0.0483,49.4,0.2705,0.0473,49.4,0.2759,0.0422,49.4,0.3456,0.0738
676,,,,49.5,0.1309,0.0483,49.5,0.2702,0.0473,49.5,0.2756,0.0423,49.5,0.3444,0.0738
677,,,,49.6,0.1311,0.0483,49.6,0.2699,0.0473,49.6,0.2753,0.0423,49.6,0.3431,0.0738
678,,,,49.7,0.1313,0.0483,49.7,0.2696,0.0473,49.7,0.275,0.0423,49.7,0.3419,0.0738
679,,,,49.8,0.1315,0.0483,49.8,0.2694,0.0473,49.8,0.2747,0.0423,49.8,0.3406,0.0738
680,,,,49.9,0.1318,0.0483,49.9,0.2691,0.0473,49.9,0.2744,0.0423,49.9,0.3394,0.0738
681,,,,50,0.132,0.0483,50,0.2689,0.0473,50,0.2741,0.0423,50,0.3381,0.0738